approximant,coa_phase,dec,distance,f_lower,f_ref,inclination,lambda1,lambda2,mass1,mass2,polarization,ra,spin1x,spin1y,spin1z,spin2x,spin2y,spin2z,tc,event_label,f_lso
IMRPhenomPv2,1.465510801173963,0.9650479309643316,1602.554591374516,10.0,10.0,0.8317530262633017,0.0,0.0,41.90233157551322,30.385526070930112,1.803711674631774,3.4773883182533822,-0.7595377552162005,-0.4201168463468183,-0.4587918206694835,0.2853642288111229,-0.3516384826355826,-0.2583728322307742,1251334728.7168145,50,60.828677203818295
IMRPhenomPv2,0.7812238034085505,-0.7500712915671544,1437.108495532513,10.0,10.0,0.5092371983304192,0.0,0.0,33.41047253107568,29.9911273417462,2.1969643397353185,1.224506102285341,0.1913412914500561,-0.5178214005147799,-0.3703290946354618,0.438609169642438,-0.0082499364820715,0.458750747931863,1251336532.4274166,76,69.35431861895319
IMRPhenomPv2,3.58596188198281,-0.84821473950238,3974.3032259533743,10.0,10.0,2.640085049717726,0.0,0.0,38.66464463727129,33.82778714959464,0.5270955931133998,5.029076291070575,-0.1062985201259721,0.0371430241270218,0.0171537940614967,-0.5809273319602324,0.5613617907067503,0.3786413018015851,1251336864.0299213,81,60.657018258942514
IMRPhenomPv2,0.0694774308916689,0.3513030983481016,1620.8492791402928,10.0,10.0,2.251200568537089,0.0,0.0,35.62029418753413,27.921962346576148,0.9568268245806252,4.322774988679321,0.0858076086041425,0.1072544842177912,0.068681048764327,-0.560087848214376,-0.0216184280718078,-0.4984836499840611,1251338253.8150654,101,69.2007964207348
IMRPhenomPv2,3.6118682013687446,-0.6879786485718081,2073.4132601595006,10.0,10.0,2.343261838437284,0.0,0.0,46.03707989011012,21.723686035350504,1.9089239512321656,1.6050759292390586,0.0144365980931977,0.597387124457439,-0.1651872258538661,0.1050605521450363,0.0343769068631778,-0.0147384670530493,1251339704.750903,122,64.89263659398608
IMRPhenomPv2,3.0599094193981027,-0.9290342512390828,2397.871707381488,10.0,10.0,0.7194463218606252,0.0,0.0,42.61261856791891,28.526738350307497,1.7768211881342613,3.946427160934077,0.5574333495708084,0.0565056082424532,0.3056001563604313,-0.2358328859733977,0.6383599550113731,0.2807325139423231,1251342061.3608513,156,61.81071841267213
IMRPhenomPv2,2.146248995541153,0.7805841591592612,4217.175731714781,10.0,10.0,0.8491762510612693,0.0,0.0,42.61456268423929,30.51805737287741,1.32035276370196,1.6273888890941772,-0.1143488853135987,-0.2614198052111129,0.0710688521450639,0.4786026275655961,-0.7444566954752718,0.241804451908446,1251345842.0996048,211,60.12603890161285
IMRPhenomPv2,0.3002232365522242,0.7577101776254355,2502.075118211211,10.0,10.0,0.7679851696297818,0.0,0.0,47.68957400065128,28.268136307750595,0.890440754866447,2.650802137521678,0.3288822323501315,0.1688213142754146,-0.007499345171936,-0.9377971815800614,-0.2592876968811216,-0.1081787700374681,1251354430.972754,335,57.88977499029073
IMRPhenomPv2,5.237794190487452,-0.4412689858540989,615.5203309861935,10.0,10.0,1.1974478463667944,0.0,0.0,35.50204864370722,30.225722129288176,0.261903754630259,1.9033684976743048,-0.1710636134150888,-0.3785771774945802,0.4778557903780932,0.6694529610864456,0.4571447182974128,-0.0655554647168591,1251356855.3631876,370,66.89980059901367
IMRPhenomPv2,4.943778085361997,-0.4890176383644321,2468.6085773823384,10.0,10.0,0.6367987339035233,0.0,0.0,37.55850786356083,25.584677681023773,1.8395051897014805,1.826513216483354,-0.7313309528824778,0.3277673255276802,0.0186966455092784,0.4015292906577041,0.5865472489659199,0.1774744717146244,1251357267.86437,376,69.63815209206197
IMRPhenomPv2,2.099815480875176,-0.0618320438654669,1404.2974810811131,10.0,10.0,2.671218020606801,0.0,0.0,50.33804689352856,19.17297395700613,1.4630455630819883,4.76493552642346,-0.297407445963928,-0.7325975343472108,0.5034320126922099,-0.0119572429130612,0.5325403274887148,0.1911726171197546,1251357675.2875524,382,63.258670419846766
IMRPhenomPv2_NRTidalv2,0.4560765657026246,0.2482330236228725,252.9838866903453,10.0,10.0,2.1173695986233128,0.0,38.84563301254799,62.36217314204209,1.9174680573479683,3.073071536884995,5.190195882846726,-0.0562440036547231,-0.3433596307267447,0.5444292314418452,0.1710746950208261,0.1869831693517183,0.171085281993316,1251358784.5250363,398,68.40695866505234
IMRPhenomPv2,6.145621993125528,0.5256248189346772,1087.986022596355,10.0,10.0,1.499830494365468,0.0,0.0,37.25185527905337,34.377767407409365,0.9707270878955409,1.373674412425794,0.501955098959826,0.3050839488921459,0.2546216191020494,0.6850985868430661,-0.1207839044391278,-0.7076084279103099,1251361881.5934758,443,61.387657698245725
IMRPhenomPv2,0.0153259905091389,-0.3980349220440596,2447.28869565406,10.0,10.0,1.664733001376611,0.0,0.0,40.41563006500785,32.83625936879768,2.403970914204594,5.286077093755814,0.227867322675516,-0.1827003937429684,0.2922336810806972,0.0770416421542318,-0.2658186357597372,0.5839898560820656,1251362514.8655972,452,60.028141151288686
IMRPhenomPv2,1.60338614267558,-0.7110881367449278,2933.5272974011978,10.0,10.0,0.873765734014953,0.0,0.0,47.314924947786,25.67459231526516,2.9936518062529456,2.7020090817013034,-0.0008886061809754,0.0320628025969441,0.1608290459282475,0.6441454770253829,0.1617203554070115,0.7070804973072313,1251364513.5161912,481,60.24392163992314
IMRPhenomPv2,3.111065026403722,-0.02128086702823,1151.1289045281217,10.0,10.0,1.193792670915126,0.0,0.0,33.79983041716422,31.18768331528616,0.1428357767051845,1.3194033564510672,0.000407652318268,-0.1863010388090303,0.3473476325138055,0.1408883332112263,0.0088438510331012,-0.1019322898200572,1251388906.2999887,834,67.661840036441
IMRPhenomPv2,1.0210508467203523,1.1187644917336248,1392.320902957026,10.0,10.0,2.361791873390321,0.0,0.0,58.26338948281517,19.45004472319119,0.186305450835628,1.8736101131203984,0.0737947889052904,-0.1615172048768961,-0.2014508668714749,-0.1624463716042991,0.9749581237989702,-0.0267570933426701,1251427070.6611347,1386,56.5819128115589
IMRPhenomPv2,4.976110088678921,-0.613995283507738,1957.6125669215503,10.0,10.0,2.8633356512012296,0.0,0.0,40.557923002095656,37.40302212968146,1.256682270298049,1.3454083113455475,0.0668128200906884,-0.0279255299156925,0.6715319503871958,-0.5314026581311945,-0.5642014124296326,0.3820818413773242,1251447742.2461398,1685,56.4022761794196
IMRPhenomPv2,5.372028046464709,0.937436215176434,4230.5855536126,10.0,10.0,2.722341526736736,0.0,0.0,37.96288180879648,25.02601686383419,1.7392454970871878,2.6848256899066985,-0.6587134067347483,0.6399230440931668,-0.3450712167039342,0.0465688247977042,0.7079018103077979,0.6903443797685167,1251449059.6738725,1704,69.80872584206159
IMRPhenomPv2,4.278281823966726,1.0631435532629152,1632.5030911563476,10.0,10.0,2.59067763405542,0.0,0.0,34.89109013227316,30.886255620423416,1.8241866563501268,5.751244575156368,0.0329670878974384,-0.0246587966313843,-0.0231849346995782,-0.115081095175464,-0.1853882376726701,-0.0583070264090981,1251450157.5752902,1720,66.84937964908391
IMRPhenomPv2,2.515960461348892,-0.1610916109957388,2311.294396969852,10.0,10.0,2.4110388759545427,0.0,0.0,45.74452538962011,29.53171220189294,2.081200140840985,3.999340917958668,-0.0257409840997072,-0.0583443176568293,-0.0930448759765323,-0.0071174022738446,-0.0163074288479684,0.0252114125319462,1251482776.656031,2192,58.41384876848343
IMRPhenomPv2,4.880546685811432,-0.0079519523865082,4094.4796820662536,10.0,10.0,2.282008099817968,0.0,0.0,40.52736606973265,25.56875228412509,0.1443280512381917,1.9379322650888,0.4156073800549613,0.0521758872329792,-0.013938888189176,0.5604277262095001,0.4241928085489694,-0.1731869755106266,1251492261.7905054,2329,66.52697417100934
IMRPhenomPv2,1.575861987555573,-0.1429821093562905,4718.645380689989,10.0,10.0,0.5454595181899877,0.0,0.0,40.623131357513984,24.66742846454928,1.730534446423086,2.053547090218064,-0.3527632115060312,0.2271433309453303,0.2766163397152041,0.3488705421916175,-0.1713764394105908,-0.4563367678638122,1251493016.0396886,2340,67.3477876513039
IMRPhenomPv2,0.0146758412048371,0.6625983583579921,1537.9668314095957,10.0,10.0,1.4256240132951528,0.0,0.0,56.35722605913411,14.067648778749264,0.9467060113064504,5.231261926340451,-0.1581517218896234,-0.2534500791197098,0.2053963503329904,0.339453572309331,0.936884680739744,-0.0474506139337893,1251497170.5899582,2400,62.4378072187317
IMRPhenomPv2,5.8623704771078415,0.4482060893123126,3429.638255714532,10.0,10.0,2.2929211665032043,0.0,0.0,37.70381175696418,27.89163715068516,2.37483412036079,3.3506631727185945,-0.2758824543304322,-0.3504532456810003,0.5057542243229425,0.0478120943026939,0.0773157330113825,0.2098860095196653,1251530557.4726942,2883,67.0347536567937
IMRPhenomPv2,2.961316470685552,-0.1301635003974036,1505.5684861674208,10.0,10.0,1.9781613017411608,0.0,0.0,37.81653048916762,33.92493371730865,0.2167113901070911,4.361059158003141,-0.2126444728744194,0.0633010693907618,0.7948742052428516,0.5132532244867697,-0.2415992754691257,-0.4156822193404882,1251586326.8915796,3690,61.291957268612975
IMRPhenomPv2,3.627080819292341,-0.0107646856552172,1030.1122651341452,10.0,10.0,0.6876784112474053,0.0,0.0,38.8750808728704,28.42778696309152,1.3664178266648883,5.716115636244734,-0.1170439836207029,-0.0313792644037366,0.1025406127538257,-0.3486297367264619,0.1150370796614655,0.5973398609829232,1251586456.9093616,3692,65.33413656678579
IMRPhenomPv2,2.497187692023535,1.005452155912528,1264.0998976566725,10.0,10.0,0.5912509920002599,0.0,0.0,57.61922586317912,12.276621884190115,0.9522587349329352,1.1554586546899557,-0.0100780873094863,-0.0542508350999212,0.4211239462932355,0.3034570608538047,0.3241870798264596,-0.213793095282384,1251587636.497758,3709,62.910385956318464
IMRPhenomPv2,2.041470940903593,-0.1024055485076588,2724.197421582405,10.0,10.0,2.2362876612851124,0.0,0.0,41.26839424953268,32.430281198277285,1.1739073605321126,6.243245951331793,0.1681363357279112,0.4252125730707731,-0.3737258122287432,0.0854822058930115,-0.3145746437120365,0.3232371166583466,1251587708.8051958,3710,59.66423048735727
IMRPhenomPv2,5.185209760175753,0.4379532726104073,745.189151375461,10.0,10.0,1.647077177461704,0.0,0.0,54.883570183491166,19.79534815251664,0.9044418736020442,2.77555885525508,0.6296277953835492,0.2825655488788612,0.2722612630126604,0.1950506845653307,-0.0944881755848585,0.0845520670996482,1251592827.77541,3784,58.88107188090983
IMRPhenomPv2,4.128705971800006,-0.96238660016325,2179.7609328309154,10.0,10.0,0.9200245460751908,0.0,0.0,47.49143824579951,21.005294567512856,3.0319188249557563,3.466209325476379,-0.524510296299907,0.0304606557809428,-0.6970786509731023,-0.3142417412012803,-0.2099782711984643,-0.2291200953131119,1251604981.3023193,3960,64.19539411486322
IMRPhenomPv2,4.767257060049071,-0.7330838517203339,2481.4906842162377,10.0,10.0,2.800872961799029,0.0,0.0,36.179309917760456,31.80792698439076,2.309536754449084,2.0318500584786143,0.6526860827232693,0.5925462853811682,0.1663632102092397,0.4874537608631157,0.31303979896278,0.4071535693216329,1251605731.8884888,3971,64.67647398083828
IMRPhenomPv2,0.4915115222899962,0.0346300598677008,2809.2806949753394,10.0,10.0,0.4103021303074556,0.0,0.0,35.497597171266314,29.264225187983143,0.7265858684218967,0.6282099193285282,-0.6557431198350452,-0.1966324384862618,-0.1800702824421868,0.098785118761666,-0.1821963899998814,-0.0801866760700803,1251606432.4465406,3981,67.89763781103751
IMRPhenomPv2,3.580925565028308,-0.6492255738628722,2612.542517932487,10.0,10.0,1.1839069796523427,0.0,0.0,38.1919577901505,25.8593554708082,0.34889383536709,4.453336925265307,0.8894874789887944,0.3095019953478505,0.1046236909452621,0.1299249642897752,-0.1009327049045984,0.8998532102854114,1251607140.2916253,3991,68.65081345976536
IMRPhenomPv2,4.282167133577285,-0.3171277894265067,3254.390106292816,10.0,10.0,2.7249924278296467,0.0,0.0,43.54476111123172,25.92597376169433,2.1780075659328952,4.119089423282548,0.0708598302932342,0.1368544147775086,0.11310095410165,-0.3406741522941115,-0.2914417968177525,-0.3221582325362981,1251611057.6481483,4048,63.29535403035915
IMRPhenomPv2,3.5772533223695864,-0.5109909868355215,1534.5869322766705,10.0,10.0,0.6047009807924492,0.0,0.0,46.33732398775711,21.26194528249649,1.6295428237703091,3.339089249302013,-0.4243507084112137,0.0076482024899287,-0.1698590554956827,0.1252484090125877,0.1977892637219938,0.0695306617204913,1251646729.2863035,4564,65.0476670236139
IMRPhenomPv2,3.0788024061495287,0.7574671099192328,5593.537819339538,10.0,10.0,2.248212199625536,0.0,0.0,38.65838213892823,34.765768285072134,0.5300528242067966,4.252835907669238,-0.9077437241011284,-0.1406505995981089,-0.1238709327994818,-0.0035683442841132,0.1084635434526305,-0.2852823604030167,1251646886.452798,4566,59.88730864625372
IMRPhenomPv2,2.4984319239997586,0.9986954523602568,459.6878469484802,10.0,10.0,0.9041174288821894,0.0,0.0,47.0353180394167,31.14531926815059,0.5066387854066586,0.0276143380084637,0.007021330519309,-0.0072756654141913,0.0011969117026715,0.0569805697495406,-0.027801233068454,0.046074187737719,1251651172.5423484,4628,56.2437824756061
IMRPhenomPv2,4.632797422926043,0.8128760674261,1457.647213731475,10.0,10.0,1.858906318666313,0.0,0.0,35.137851292816386,33.21123892932732,1.46309641485419,4.320429643147363,0.5254255245527026,0.2092180202534919,0.5140402045904232,-0.3873674410153168,-0.2123116791573393,-0.6440204405485821,1251656552.9322212,4706,64.33406420245923
IMRPhenomPv2,0.9256334815564736,-1.269853752516108,3457.331394710489,10.0,10.0,0.9379161874177614,0.0,0.0,36.27963083628405,35.9083575787571,2.616156110174076,1.9688985817115083,-0.07149514816476,-0.7940267233694466,-0.3078518985594174,-0.06106350598373,-0.2866610469582276,-0.4036651041449984,1251656888.7119107,4711,60.912831276717945
IMRPhenomPv2,3.0961568378393785,-0.7088810435129148,1040.8306068197203,10.0,10.0,1.0212909989692998,0.0,0.0,54.492139432852696,20.838915306581804,0.857936320426363,0.0604586376510453,-0.096217304973877,-0.5931827164700866,-0.0650745608317262,-0.2335738992825778,0.4007096574916809,-0.4859078774929628,1251682803.9017253,5086,58.371341988249455
IMRPhenomPv2,3.61814470234225,-0.1111337814028291,789.3826135755564,10.0,10.0,1.4655617634854006,0.0,0.0,41.403682028503,37.62114214723317,0.1231019438773473,1.4017319190941049,0.0385774315468342,0.1197936356919194,0.0094984537449868,0.009136745750869,-0.3234111070524337,0.1294942453236457,1251688978.0208898,5175,55.64295529152448
IMRPhenomPv2,5.879187502719805,-0.5762321373796382,586.6042897019609,10.0,10.0,2.463821590582725,0.0,0.0,50.519191822613934,18.708303266232544,2.8715273443146896,2.053669599709523,-0.2167980479602328,-0.1465804767605386,-0.2628188863158628,0.0606699057156659,0.4550431947539112,0.678848463276995,1251692435.382274,5225,63.51775046732144
IMRPhenomPv2,5.357578289470427,-0.6806684723461307,433.0136099630267,10.0,10.0,0.9289838553390124,0.0,0.0,45.8138653453228,33.92003384641165,0.82252644425354,1.6324400013010578,0.0265834701852259,0.035827043800786,0.0568640290960373,0.5632774039891923,0.6585730024709895,0.1246415821978518,1251694762.8448238,5259,55.14812147788328
IMRPhenomPv2,5.584791346355059,-0.5434166489625403,3919.008303285149,10.0,10.0,0.6250345304453417,0.0,0.0,39.93463814911837,24.04382639215388,2.9927704859528954,5.103852257440051,-0.2487014570023609,0.5568368522089671,0.5582787439115248,0.1244483779280296,-0.2506382579141212,-0.1012962771797897,1251697181.8248563,5294,68.72898232333274
IMRPhenomPv2,4.089244452409475,0.1266921470951659,6158.496950267858,10.0,10.0,2.9465274008189613,0.0,0.0,35.19905476588956,27.9992399340729,0.4395810653536323,5.689033758912434,-0.4792584802549903,0.3619653981798178,0.7645083722803355,0.7398414221737378,0.4633612586326749,0.106073945032408,1251707617.2736006,5445,69.57742735633786
IMRPhenomPv2,0.4014359807508068,-0.2140603835397276,2365.225065071733,10.0,10.0,0.520812062260562,0.0,0.0,50.25547587336026,26.881025969461703,2.997666324932693,0.8306379839838113,-0.1518141428839355,-0.0509839133833967,0.4156642243211117,-0.0551829747335452,-0.0907684135256547,-0.1108431881229369,1251707906.9462812,5449,57.00510981806022
IMRPhenomPv2,4.454365591336485,0.2191065026111911,3869.9175575009135,10.0,10.0,2.778075489958012,0.0,0.0,41.78472554526506,30.67690089883384,1.2080205338569872,5.01277457886072,-0.588066681382797,-0.2600540228046104,-0.3194861287588371,-0.1748390453193979,0.2696709879793943,0.2390360952110932,1251711502.524523,5501,60.68280515236994
IMRPhenomPv2,2.2910922023533304,-0.1478737117629681,1825.5275875895,10.0,10.0,2.670057597725105,0.0,0.0,31.76174893399605,31.19662655631308,2.328801494157219,4.503457173803044,0.1446652148891252,-0.2482863730361062,-0.0757146613273933,0.3219642439382906,0.1525501838952464,0.4613432104037345,1251715507.365188,5559,69.84257017889394
IMRPhenomPv2,1.9740340607881115,1.0640458040120353,2575.150038611097,10.0,10.0,1.038401244316596,0.0,0.0,35.05295092235609,31.4967904987992,2.708488881042587,4.3749274881932765,0.3311762442660148,-0.2661185239326429,-0.476868234251555,0.1431409804252469,0.0368175638569761,0.3402399974428429,1251718072.9174886,5596,66.07350629214116
IMRPhenomPv2,4.255300985074739,-0.2021851841979537,1527.335477783214,10.0,10.0,1.43615665920572,0.0,0.0,47.04147314983604,23.14998007965674,0.8137314652460961,3.4622287732841133,0.1990101915927476,-0.334819529556278,0.1874737424545497,0.0222584081558172,0.0612012331362258,0.0604681237484929,1251720218.899345,5627,62.64544408497134
IMRPhenomPv2,1.9254489368201528,1.040774311506733,3740.466099280781,10.0,10.0,2.914379784728625,0.0,0.0,34.84362222237155,31.87079140262519,0.0580379584106088,2.9065719980767937,-0.0012293378330088,-0.1023098485464731,0.0726483438233811,-0.426741689452284,0.2960528882999098,-0.3742987148264148,1251724575.970054,5690,65.91041604963647
IMRPhenomPv2,2.3766303693600728,-0.6651166051886811,1371.073643222045,10.0,10.0,2.6400440021204825,0.0,0.0,32.19210493867163,30.821905451948545,2.2159142408891945,6.224933959372582,0.2312035418941228,0.87147369658094,0.0178507348895194,0.1589971133089087,-0.0687933853089372,0.0506388795817598,1251728281.0946667,5744,69.78090636150978
IMRPhenomPv2,5.619836279139006,0.3833283639154707,4597.192629738404,10.0,10.0,2.3725338576763217,0.0,0.0,37.26826239541997,26.54773593094617,1.233360034012798,0.1929473397621926,-0.391592754900034,-0.6401149128398671,0.146826828163263,-0.208193998543307,0.0693077070154444,-0.1058489362880836,1251757866.2560196,6172,68.90395627822278
IMRPhenomPv2,1.0981171006441546,0.9891903703371846,4261.510482438434,10.0,10.0,2.962320496052409,0.0,0.0,41.1258426403904,36.2054901507557,2.825318162809764,1.1399258123195044,-0.2531323421570864,0.7435934861555268,0.3515930476173273,0.1602045514616338,0.0147901221111371,-0.0685679665940794,1251773566.7087293,6399,56.86148938369929
IMRPhenomPv2,0.4405117101889536,-0.720144353311272,2610.7061554355705,10.0,10.0,0.5394987076800443,0.0,0.0,44.28460687227359,32.964720750459385,0.5357579516483223,4.455197607941648,-0.0471796395340354,0.4241674421192938,-0.0083801329664993,-0.0470126167010406,0.2913188788471623,-0.2367707282766072,1251777643.1718748,6458,56.92185154032418
IMRPhenomPv2,3.689496084902341,1.4771585267846632,2711.5784159957952,10.0,10.0,0.3086435949392767,0.0,0.0,32.752753870283854,30.25930755189583,0.9315082698801408,2.5541832429943283,0.0367371129892635,0.0735055307104965,-0.1380363350657831,-0.5267045613827763,-0.2758684410877496,-0.2430390002213659,1251780614.357202,6501,69.78306469090225
IMRPhenomPv2,3.914852942309904,0.2519866211708584,1956.641266619596,10.0,10.0,2.0194154302944023,0.0,0.0,42.423060513077104,33.25154856077243,0.845072553087996,0.916891296392953,-0.2959611509665181,-0.454632608402422,0.2596291764774302,0.6549197890203375,-0.0789174356372254,0.1632545495305538,1251781048.032007,6507,58.10634256782146
IMRPhenomPv2,2.3947901405991736,0.0088110608473559,1370.5169036171148,10.0,10.0,0.8513814387986327,0.0,0.0,51.05827001999264,20.02589723296221,1.851621641044472,6.262036306878234,0.1268507409074161,0.2224009729863159,0.0886727415308713,-0.0083540768325709,0.0558448365704748,0.0156527440739385,1251783528.4782836,6543,61.858708182985545
IMRPhenomPv2,2.265432447394001,-1.0867138128023182,1597.2153540113688,10.0,10.0,0.9658505374606372,0.0,0.0,48.230796134689776,28.977730488119487,2.093440350919053,0.0685468250572156,-0.2179390110026021,-0.2000754592032829,-0.1973538254991604,-0.1403609685177107,-0.6043099028377764,0.0012970424101624,1251790224.435899,6640,56.95193200632894
IMRPhenomPv2,5.279548224615434,0.6274167484275496,3233.902758541342,10.0,10.0,2.9660104318710085,0.0,0.0,41.10782301797475,37.98486153938995,1.2163640010597978,1.078576861780984,0.0547792605075079,0.1346936550661403,-0.0041812549204273,0.0929830596315535,-0.0625891772456136,-0.0220782504779954,1251797470.014218,6745,55.59521443910364
IMRPhenomPv2,5.540906503190869,0.3956489414036058,2235.3663822072026,10.0,10.0,2.386111286257269,0.0,0.0,39.57396035513591,28.04372860174489,1.1899756325360005,2.4882755951139,-0.1657009050172133,-0.3278474715867561,0.4034543110697451,0.2589106139823223,0.081571131552807,-0.5260612216717844,1251797816.3854735,6750,65.02994743483633
IMRPhenomPv2,0.3241741247154798,-1.0723875750145793,1711.4063638354253,10.0,10.0,1.3802863722441956,0.0,0.0,49.46096841944573,17.12667524701431,2.5446716114788424,5.572138148429626,0.3339223699513475,-0.0408413927542375,-0.0775433110619861,-0.3914161633904849,-0.2417679579275005,-0.1196928116460743,1251801363.356416,6801,66.03589669814241
IMRPhenomPv2,6.090179157910317,-1.0055694832805473,3790.3072319157495,10.0,10.0,2.3881576135041205,0.0,0.0,38.76698857088715,32.434904912177714,2.432373764943625,5.496156424600292,0.1629025980339159,-0.514455700940265,-0.0115243196939432,0.5003891795360178,0.1800494098454213,0.0360725436386338,1251803765.0207877,6836,61.75643010922068
IMRPhenomPv2,5.732645662577857,1.2340412907848233,418.1811646060888,10.0,10.0,1.2237235236460795,0.0,0.0,37.08404481447816,36.98042702051002,1.248014399168258,3.3933208801035724,-0.1975076254217591,0.4969356159750932,0.7065201229657844,0.0259986207530532,0.0667091007540794,-0.0752338785826099,1251827345.0316937,7177,59.36955532914282
IMRPhenomPv2_NRTidalv2,2.7160637933746314,0.6943556394480659,247.3496923859257,10.0,10.0,2.522145766014452,0.0,14.973242395837747,60.85511684343322,2.07165183183883,1.8934390441896325,5.0732315410459154,-0.008192463058768,-0.2976911702079143,-0.1695438113417924,-0.0462162249328424,-0.0093353371017082,-0.0849660859978585,1251833920.3782508,7272,69.87765065805773
IMRPhenomPv2,0.494061154082192,-1.2287153927367862,2037.1655011069136,10.0,10.0,2.2010672023199245,0.0,0.0,35.118471159882844,32.96818553029478,1.8100178697601228,3.3818929702215046,-0.115605586690029,0.8210783340628862,0.1380998790378319,0.6343612784408246,-0.139005737370719,0.0889548232269128,1251839590.1304777,7354,64.58203372417051
IMRPhenomPv2,6.0853012717894455,-0.6753809096549387,1053.4140474711544,10.0,10.0,1.7042999967789711,0.0,0.0,48.20975529857513,24.13407094377115,1.359859362690104,3.221558675616914,0.0089570719975825,0.1240872851470575,0.0866675255806719,0.4259967503804746,0.3332826025706881,0.1388873776428804,1251851112.444731,7521,60.78161727029577
IMRPhenomPv2,3.68475880019912,-0.7982765016694318,4387.409198626076,10.0,10.0,2.88996608380768,0.0,0.0,35.383183816310186,29.547852829175085,2.205630810484956,4.2261397985724765,-0.2432879879981865,0.0778223313773425,-0.1742107296886504,-0.0069591246395678,-0.1673083442581797,-0.3057699183400089,1251851678.3787208,7529,67.72069237919384
IMRPhenomPv2,2.869770067441945,1.2559363410837832,1628.5103525820482,10.0,10.0,2.847703922664756,0.0,0.0,36.89846825069555,35.25058532129652,0.1086439301899436,2.4192200650501445,-0.1404437033665587,-0.2740784852916546,-0.3271876189925752,0.4254437659290632,-0.2069422760994799,-0.1223584831424088,1251857700.8570294,7616,60.94570255372046
IMRPhenomPv2,4.898310795866333,-0.047367518462601,3956.211541002013,10.0,10.0,0.7478453344050411,0.0,0.0,47.89841283697647,27.04249532396458,2.3423663766128366,4.420721656826553,0.0818502003683493,0.8112937863888947,-0.2223436655270214,0.2069179371102033,-0.2166266713915928,-0.1446508575011783,1251865220.3817005,7725,58.67522647427516
IMRPhenomPv2,2.346546474365727,0.890676603318127,4060.901963727181,10.0,10.0,2.3635736804301057,0.0,0.0,39.47177814113927,29.483484278278446,1.3654582989029245,2.621097912573292,0.4847912845180803,-0.4486608142369066,-0.1481728162261413,0.1589027538297058,0.5364891615797481,0.0410259042247932,1251878366.5548446,7915,63.76851605299426
IMRPhenomPv2,3.692511785971194,0.6683504971946289,3983.298026460955,10.0,10.0,0.2959151996796056,0.0,0.0,34.7144463008716,33.288216622632355,0.6609530918016939,3.2890971558756026,-0.0588579364739276,0.3211662605836179,0.0984345183292382,-0.1242078422144092,-0.0770509964305752,0.091948568625447,1251885118.8695796,8013,64.66180248672678
IMRPhenomPv2,5.255632990277832,-0.2457166224967994,1598.4797093381162,10.0,10.0,2.097783281098478,0.0,0.0,56.095499294442085,18.970884579047663,1.3002740437488387,3.7352528911160494,0.0289515400051131,-0.0135582120518559,-0.085317723022132,-0.0866056764481556,0.2131221947147027,-0.1783615111744643,1251889083.5813491,8070,58.57714907303489
IMRPhenomPv2,1.0205353642816282,-0.8415845542104989,1224.2277739308329,10.0,10.0,0.6053755839286808,0.0,0.0,61.74627338954437,7.731101052940616,2.5167664127151514,5.845019292471826,0.2308532405620046,-0.4218191129682042,-0.3099451617824222,0.7817659203912768,0.3322727277409468,-0.183198065270434,1251890728.0788243,8094,63.2893052424017
IMRPhenomPv2,2.859668596285321,-0.0025184847504167,2350.32091467846,10.0,10.0,2.6065095012549504,0.0,0.0,41.93061751091755,26.91505886233129,1.7193739998400364,0.8376156604775145,0.4804481955190716,0.2651091278917062,-0.1228769931917095,0.0100638258423621,-0.1564577410169579,-0.4362355415242984,1251892591.1509037,8121,63.870020459842095
IMRPhenomPv2,2.021724552039805,0.4365490824577371,1751.6792275629214,10.0,10.0,1.440141660732592,0.0,0.0,52.88815701166375,22.552326344987325,2.2042812809346843,0.9139797148499944,0.2223206376936694,0.1184154104620742,-0.129350411740774,0.136822622566478,-0.032569066718853,0.1960002705530189,1251900539.8072574,8236,58.28667265747844
IMRPhenomPv2,3.845724117746192,1.1069286229489603,1390.031060094911,10.0,10.0,2.1805099904846785,0.0,0.0,47.13146749485035,24.14740013500591,0.3805506108936083,6.191580767463211,0.5307300921795055,0.5633320542729712,-0.1385647725374818,0.0084387068878403,0.0045957955080946,-0.0094496703525807,1251902136.6282003,8259,61.68973925575169
IMRPhenomPv2,0.0497776410177531,0.5770005066502254,2890.5827014407,10.0,10.0,0.2197522167320228,0.0,0.0,45.915261006936674,30.3262489540218,2.195412185386339,3.702986037835352,0.5698356375946111,-0.1328755741665172,-0.6243668474698773,0.0363876546697042,0.0746009630725299,-0.0828737121049887,1251904751.7209797,8297,57.67428741616953
IMRPhenomPv2,5.154582494615918,0.5364968802383172,1235.0419034413103,10.0,10.0,1.2998782580257175,0.0,0.0,40.2285953555761,35.41190291114949,1.20753463436252,3.275003438998892,-0.4466409711668605,-0.196893005290941,-0.2502669510068372,-0.1033275371651878,-0.2097806214030884,-0.4762041606490111,1251921499.4914234,8539,58.132546179503386
IMRPhenomPv2,1.0838415672627797,-0.2370105191996128,2433.0317385588046,10.0,10.0,0.6279074309625384,0.0,0.0,43.44560933937717,34.62685219906273,1.1020073420455303,4.448811073861879,-0.7176770109156666,0.1873087147333498,0.0548495199206136,0.1702907347262257,0.2177273430249894,0.2773585609315671,1251927157.820671,8621,56.32171282784608
IMRPhenomPv2,4.399919635320089,-0.7742765779061992,6389.197214275125,10.0,10.0,2.9664378115809744,0.0,0.0,45.37770082790491,33.98672963277956,1.9884107758029927,2.586289610260548,-0.0254159827778586,0.0944832953077503,0.1470578229894161,0.0641403203695043,0.0703979390455752,-0.0262509037772512,1251933446.056666,8712,55.40485495841038
IMRPhenomPv2,6.096302687714847,-0.348544613464414,5503.987279833997,10.0,10.0,2.4767606642975526,0.0,0.0,40.23048546525939,33.43051647922479,0.0093121356613457,3.2513469309367258,0.0354424742158635,0.0050382135618197,0.0596593144873943,0.2334801643500837,-0.072706508830416,-0.0567291207526182,1251939047.207024,8793,59.69474542099052
IMRPhenomPv2,2.2829316141276554,-1.0184213593989688,1709.2307638929858,10.0,10.0,0.280333266247586,0.0,0.0,44.13309559316236,30.61450801116011,2.400179593372304,2.405920271811087,0.0998897998694318,0.1305624799486004,0.0640821402108351,0.3336096708181915,-0.1817016057004063,0.112752522524343,1251939189.9224606,8795,58.82696630393103
IMRPhenomPv2,2.109873868128552,-0.5100152005939763,1706.2050178161724,10.0,10.0,2.958470276410424,0.0,0.0,33.98342100503685,33.5419030850865,0.4296510250287203,5.765882084099363,0.2978007005711511,0.4698550011230931,0.0181734666199986,-0.030902277283628,0.1612371536916276,-0.0995524789500562,1251942904.5786493,8849,65.11889898762037
IMRPhenomPv2,3.84397632677356,-0.9000678207968748,2288.3713416377086,10.0,10.0,0.5726962376174589,0.0,0.0,47.46912691112434,27.13344072022402,2.653267065696282,6.24576133279077,-0.0099802064097925,0.0336772641295671,0.0861584534599109,0.6005209975066201,0.274432410950599,0.0235603223404434,1251945671.8587978,8889,58.94133269326452
IMRPhenomPv2,1.9202859697749144,0.3919045455422307,2983.843040014856,10.0,10.0,2.310605060333219,0.0,0.0,51.04271659382543,22.035415915437223,0.7294577363724116,0.4293961658016948,-0.4169208401871763,-0.3024076931487091,0.2333393848796546,-0.040210199419694,-0.4683703118645004,-0.0547228761315261,1251950917.2619154,8965,60.17086928122758
IMRPhenomPv2,3.1650191272704866,0.079061754664868,2302.4471529042344,10.0,10.0,0.4399174840242293,0.0,0.0,35.252862650400004,32.827006149534064,1.2657531325128255,4.815678945999974,0.0755569894574545,-0.0407943787076379,0.8704699509975955,0.0037043788528647,0.0046407411905794,-0.1713269041833904,1251953202.9038053,8998,64.5884728634396
IMRPhenomPv2,1.8845026629844408,-1.1508415358930628,1877.5250743166828,10.0,10.0,0.253114690175565,0.0,0.0,51.63716775433845,27.649276907138745,0.2048265676184457,1.5087476504888804,-0.0102287374263226,-0.3275970034785459,0.6052699305106303,-0.2434989442752205,0.3108988036379072,-0.4523546991957395,1251958892.8828738,9080,55.45935093073383
IMRPhenomPv2,6.216134541638098,0.6360744708310776,1087.0121953842463,10.0,10.0,1.9691228759777395,0.0,0.0,49.39665727431733,24.53707348627439,1.9404167403277928,3.211690570902436,0.0015546126685721,-0.0095033364454412,-0.0087350849166878,0.7496450049315354,0.0980497411677996,-0.4588478156460497,1251981078.389656,9401,59.47454177268247
IMRPhenomPv2,4.2571037603867,0.1172908959560798,1730.5907785469342,10.0,10.0,0.6676177241693816,0.0,0.0,35.705428799367674,30.62477578596458,0.5576721543042841,3.282302301368388,-0.0350330132026483,0.0105271333042461,-0.2996244948298256,-0.5083330878837694,-0.2677049870321111,0.60682657430611,1251984952.0177653,9457,66.29219351908087
IMRPhenomPv2,3.07274742159565,1.382812906926019,2803.349328366957,10.0,10.0,1.949494160767378,0.0,0.0,41.12062751108908,33.29564915454195,1.107156693858773,3.4258993007532808,-0.228546890693447,0.4250654792749214,0.4182448081664471,0.3397789397344016,-0.7404788139730476,-0.0171248935246386,1251986117.157471,9474,59.088884254295074
IMRPhenomPv2,5.877352608151925,0.015157079345603,2379.875246210128,10.0,10.0,0.5523740936428269,0.0,0.0,33.667795057347774,31.654406635571537,0.0857430782106593,1.4228985991613312,-0.7190808712771536,0.4594088448028441,-0.4305848896699735,-0.0016470904871152,0.000514082156551,-0.0023861696581218,1251988174.1894107,9504,67.31516459292445
IMRPhenomPv2,3.209560847811427,0.7037035105689512,680.6872974136596,10.0,10.0,0.9555490515020384,0.0,0.0,42.01838283227489,30.01362776611916,2.446715201490841,5.23609767667958,0.0817347979035225,-0.1746188354957069,0.2026751578160548,0.1254684773013452,-0.2250011465765923,0.0527869092531475,1251990322.7846315,9535,61.04473166863269
IMRPhenomPv2,0.0548722437395113,0.2176577920292903,2365.5318313147886,10.0,10.0,2.964558939063975,0.0,0.0,40.98719781567285,26.769621998006183,1.8332831646298275,1.148720256254504,0.0825143806323493,-0.0237073472358491,-0.1309342224089249,0.574520222562296,-0.0253143467106188,0.5933843730034507,1251995796.9852464,9614,64.89641589765627
IMRPhenomPv2,5.778533391862949,0.6909292917143931,1078.684299731241,10.0,10.0,2.195829201266809,0.0,0.0,44.53157682863576,24.786595226027394,0.7356443310000553,0.4109390837696667,-0.1349349324421626,-0.1195999129289786,0.098451475178505,-0.0830864820742779,0.3626132559364432,-0.3682227120973268,1251998216.330254,9649,63.43466118903904
IMRPhenomPv2,4.576056091656265,-0.6703340422105151,2025.86676466746,10.0,10.0,1.9767610503945,0.0,0.0,45.59224475159288,26.326977977010262,1.8656615245477737,2.190365174830008,-0.3248544825527863,0.6368670008732319,-0.1480338472262774,0.7583880764572019,0.0535782381847222,0.0533156226170574,1252002414.4312575,9710,61.14046553484596
IMRPhenomPv2,0.95313974123663,-0.3409205592380844,3618.131973485499,10.0,10.0,0.7305548134898693,0.0,0.0,56.88672985364831,22.54548210855732,2.768419144640183,2.08280848067868,0.7178424437374777,-0.4442795787391134,0.2550861087353487,0.1952495818781461,-0.5831207871452984,0.7304577892024721,1252002780.609749,9715,55.35757660410207
IMRPhenomPv2,0.8722910284099933,0.8474746300299194,3673.0984373461024,10.0,10.0,1.0969064878554096,0.0,0.0,40.65365823460445,33.37589781196807,0.9095009257889244,4.392342097848094,-0.1019054532799431,0.5802059615273578,0.0663300945015242,-0.4368673714682797,-0.2211243718059251,0.2724403772410237,1252003105.3395004,9720,59.39755677806275
IMRPhenomPv2,3.0221586742866977,-0.7367177821496991,3107.492081477086,10.0,10.0,0.3956406488091588,0.0,0.0,46.56064737068229,31.45031904986032,1.7750349484655874,3.3642537401976087,-0.1714026908110161,-0.1491603930866378,-0.2051203458357574,0.0137336489169555,0.0334479089841373,-0.0312957926087755,1252011329.6574352,9839,56.36611056484956
IMRPhenomPv2,4.4543884306087405,0.7061809691708677,2470.388673392249,10.0,10.0,1.8795151364359528,0.0,0.0,40.00156947620548,39.93208184421548,3.004227802304697,4.83584838840452,0.2776743595071779,0.5981147188146252,-0.1296546342039628,-0.7277468591860154,0.131228089419942,0.2308031931461711,1252011493.670398,9841,55.01030774766707
IMRPhenomPv2,2.604985122625056,-0.4869917405299825,3422.493818393706,10.0,10.0,0.9678000656078752,0.0,0.0,37.50429915016187,26.74533310202,0.6462385923140727,2.8210996761672167,0.1298365270823495,-0.203099778962545,-0.4684178691531833,-0.1141731679832856,-0.1508846479150369,0.1268477282630675,1252017088.5348318,9922,68.43890936639168
IMRPhenomPv2,3.825239869224181,-0.3733475328398827,1145.0377455260884,10.0,10.0,0.3603130401589694,0.0,0.0,34.57689082032335,31.581720797193523,1.5456587864888998,3.331606381529108,-0.7712570049943825,-0.1096959683602474,0.0682189935621298,0.0106060497774968,-0.0785080103598211,0.0414014910793099,1252018537.6066196,9943,66.46413295297792
IMRPhenomPv2,1.3106503469121082,0.3524732450469759,1051.903519693202,10.0,10.0,1.4130295275382578,0.0,0.0,54.12383778231865,23.55783567337039,1.3631429133900896,5.6510869474354894,0.8332563452846071,0.1268374201090466,0.1782698003247868,0.2504226304378102,0.3146025601921112,-0.6756575683669,1252025566.625653,10045,56.605046762275215
IMRPhenomPv2,5.822761782690052,-0.8886308194134254,2778.7374952035843,10.0,10.0,1.4655967153986875,0.0,0.0,36.118530124876834,29.948219829617344,2.791400181733087,4.938500953367959,0.188895864275829,0.0705932182393902,-0.2372359500797155,0.3333891845770335,-0.0603525765374386,0.1624854784881017,1252033955.2051585,10166,66.5565471520815
IMRPhenomPv2,4.61372776951459,0.1214174344347872,1092.1424299377768,10.0,10.0,1.9902613215578508,0.0,0.0,40.58196724029906,31.89910060311928,1.8990672855215849,0.1968113677002982,-0.6639319658267859,-0.0333939618291463,0.3259612898395374,0.2218341492225571,0.5616340741476821,-0.1083625920388463,1252052606.8115482,10436,60.6665283689023
IMRPhenomPv2,4.968523939441631,-1.1411050743105986,6127.189193117896,10.0,10.0,2.795280181192007,0.0,0.0,36.18355321518379,33.64149855106948,1.642522627245397,0.1649482943722417,0.3631498044456846,0.3597698606395516,0.5256691512085283,0.3528909335502555,-0.2571365043244299,-0.2068852871577145,1252056401.215774,10491,62.97417112200759
IMRPhenomPv2,5.473248621402442,0.9331028453373394,1254.3055265122089,10.0,10.0,0.5823269123582104,0.0,0.0,39.20838516591252,32.13690716946212,1.4178773168683585,6.252563101375554,0.1402609072792629,-0.2277974332793512,0.2449769597131734,0.0301925771405483,-0.1209307490141813,0.0175561886869555,1252062216.0993118,10575,61.63230417307928
IMRPhenomPv2,1.6460252392985544,-0.4152282550926605,1177.8654862283888,10.0,10.0,2.8398159724711887,0.0,0.0,36.02180056050214,34.64240426390465,2.576569609027118,0.5514372011191571,0.6390546749001454,-0.0821259794870387,-0.675794733738278,0.0049179557300034,0.3871187996965211,-0.8308775973169022,1252067111.1750567,10646,62.226338914555015
IMRPhenomPv2,0.6340636511477834,0.0349645830703367,1587.0234836762136,10.0,10.0,2.035998462074676,0.0,0.0,56.64206308572819,13.11529877627757,1.3575370159238165,3.376276934290028,-0.3910132066871162,0.7947013134211077,0.1132128545071721,0.5697906886384302,0.0708463279047412,-0.6076817914448757,1252069187.849312,10676,63.03527887464518
IMRPhenomPv2,0.4798268934764845,0.5632059477371468,2872.1175609918387,10.0,10.0,2.199993352047777,0.0,0.0,54.46639093196089,19.88289825426801,0.4770723759045125,3.1196073930209955,0.5153400737636299,0.23046151758104,0.791425460752188,-0.8238572096332297,-0.1532995350856612,0.2413418185907184,1252076458.9678178,10781,59.142122361346296
IMRPhenomPv2,4.593665933515041,-0.738251398414808,584.5410016410797,10.0,10.0,0.9629775248610382,0.0,0.0,38.333559738574046,28.891750156126083,1.695151497882088,0.912022044640714,-0.0812433204099459,0.209281889058869,-0.1471573440234378,0.083875007846804,0.4862641850501341,0.0801013863058107,1252077827.732019,10801,65.4095126585312
IMRPhenomPv2,4.657339834558863,-0.4662585102377191,2683.960711069093,10.0,10.0,1.5920611778382914,0.0,0.0,44.66916987382752,26.26778746261478,1.485887617413761,1.277219436393044,-0.9416235210685971,-0.2376897953946706,-0.2150771684393323,-0.041339278722407,-0.2653285415398127,0.3139070790845544,1252078177.07454,10806,61.98707871943246
IMRPhenomPv2,3.05899029635106,-0.1991682698559859,1205.4173148428624,10.0,10.0,0.76094514497798,0.0,0.0,50.202307751392816,20.633054198910976,1.2498256123868303,0.0280834770886313,-0.1923565698430202,-0.3191668450033308,-0.7943747749239759,0.0451040622143768,-0.0235053538199052,0.0458180998390471,1252078310.5942004,10808,62.07598348429436
IMRPhenomPv2,0.8148489672580195,0.210095079204528,1867.336895935456,10.0,10.0,0.8843239468001347,0.0,0.0,37.8830006826576,32.90267036419446,1.6372904590945672,6.108405000864843,-0.1042004043082814,-0.0362284422365587,-0.2465874974194541,0.3928392852538842,-0.0006571727522647,0.2090640757918707,1252078731.7652547,10814,62.11956026553229
IMRPhenomPv2,5.365575115563186,0.1801040579374765,3390.522771646778,10.0,10.0,2.842291138463436,0.0,0.0,45.44503256370799,25.30790836817692,1.9481946890728767,4.199615317861309,0.29097225252421,-0.9044793301867284,-0.2577124752232596,0.5937935690461783,0.3558052394379663,-0.4436368563800964,1252079490.9489498,10825,62.14829660245936
IMRPhenomPv2,4.269800048651121,-1.2426112714470556,3419.6686047839603,10.0,10.0,0.3960695825027994,0.0,0.0,36.65269452661788,29.075810263928904,1.54110583320135,2.763897038480605,-0.0152734077431201,-0.0354352343809009,0.0190903870189556,0.1070888470959968,0.0509544454082603,0.022099975528963,1252092267.2505472,11010,66.89905350111482
IMRPhenomPv2,4.167894738051252,-0.7403342773938361,1287.1451033812832,10.0,10.0,2.7192260777976283,0.0,0.0,39.4035935412237,32.20817264311604,2.968333623244478,5.55714214121896,-0.1871260598075622,-0.0417994212104473,-0.3678730539121281,0.0439538323581356,-0.2849322442732033,0.1243744120243072,1252092635.4473374,11015,61.4029648034663
IMRPhenomPv2,1.7673187842387514,0.6559864770719647,1376.002190186828,10.0,10.0,1.8485720899005111,0.0,0.0,40.96549130723479,30.20133479702669,2.1386029462119955,0.0045611806057326,-0.2055983534398796,-0.0008193421326096,-0.5231271920101292,-0.2844851463578211,0.8631330519653652,-0.12990536839558,1252106109.924912,11210,61.786860525282975
IMRPhenomPv2,0.7991299220974736,-0.177950616990889,2766.4003375384814,10.0,10.0,0.6525046293325635,0.0,0.0,35.16530566263484,30.18732945772669,1.192064501573575,4.303184832566349,-0.0842484858575432,-0.5123107536166598,0.6689765702824193,0.0352362290032453,-0.0897368409779883,-0.0044357703443634,1252111703.7217946,11291,67.28381725438749
IMRPhenomPv2,1.696970769617247,0.3698168736643399,1502.8329272992255,10.0,10.0,1.633331245964995,0.0,0.0,48.62089232819308,25.40487839215873,1.840352518358625,1.8308493512686752,0.6762862525454753,-0.2130382161062141,-0.2311615735470045,0.4929555162740003,-0.6375322003181303,-0.2670925790434855,1252113625.754412,11319,59.40059408692063
IMRPhenomPv2,3.618434550269268,-0.224785295651054,1447.403420591719,10.0,10.0,2.9639334504160337,0.0,0.0,34.88339743170181,34.82095116438087,2.000677174856889,3.0364142793633366,0.0672262683086216,0.0264282504692019,-0.0756296848010352,0.2161581802982176,0.1192322704472412,0.5329842813424666,1252117427.956452,11374,63.083220015604425
IMRPhenomPv2,0.3190503456892715,0.2162123793248451,2756.425574490665,10.0,10.0,0.9812070380331356,0.0,0.0,34.334092528540936,28.677967790793065,1.7150101562916726,4.706990305896667,-0.7475606497933563,0.2304294948662869,0.2032444909694674,-0.375009430972491,0.1190811464169141,-0.1361308378992553,1252122077.8288713,11441,69.78306591225498
IMRPhenomPv2,2.987456505531569,0.9374930602281388,5802.51295324591,10.0,10.0,0.2184502783145364,0.0,0.0,46.57975140965308,26.99056966251507,0.0737262657428839,4.097449266263112,-0.3502787956712208,0.0133869327536473,0.4522047138084887,0.0045162152215697,-0.0331784359190014,-0.0148665264245512,1252151108.7483158,11861,59.76832361812994
IMRPhenomPv2,4.359450357130867,-0.0781778876825782,1003.99393052362,10.0,10.0,1.7624193399008483,0.0,0.0,45.68088697519983,19.095841720402785,1.3069228342488932,6.075864860230104,-0.484589492858904,-0.3441271238426565,0.566845858975059,-0.1586002725761001,-0.1563370236291781,0.5373775697706822,1252153578.7103298,11897,67.88201329514769
IMRPhenomPv2,1.314856435429561,0.444277743867981,589.9375513744656,10.0,10.0,2.248830425413229,0.0,0.0,47.69399473994702,18.09485782012534,3.0242221022974185,3.2892049239505323,-0.0502738098249737,0.8187740495690794,0.4446299075981689,-0.2825874973683046,-0.3839541443104766,-0.3128578197180923,1252194636.1554098,12491,66.83768735008674
IMRPhenomPv2,0.8768947013607926,1.4347517993231862,2333.809872324807,10.0,10.0,2.494126188256005,0.0,0.0,51.01331122907904,24.299051138226503,1.551697543563771,4.282974999034075,0.1176746434566244,-0.1227400533637624,0.5290817107721928,0.0043047627782327,0.0085742720257652,0.0027993243671477,1252196712.7324157,12521,58.38582963425888
IMRPhenomPv2,5.7604414985822325,-0.0637295977011595,2735.711516918524,10.0,10.0,2.7420850867771485,0.0,0.0,39.03282473721531,36.02097874177051,0.9032051033827496,3.9724482447151934,-0.3410599000583083,-0.4513163175637495,-0.6681181822289051,0.0749983377682685,-0.0543859930085268,-0.0351140339387273,1252200031.628588,12569,58.586967677956885
IMRPhenomPv2,2.6821952608603183,-0.4098139463123046,3860.257157035494,10.0,10.0,2.8699227303015102,0.0,0.0,43.27318630061635,35.46433982484285,0.359623701658697,0.4004749030053651,0.0219418172618648,0.299233571912512,-0.0033451068767973,0.0076558947832317,0.0036349052574638,0.0457440597863276,1252219949.7833016,12857,55.84598570603652
IMRPhenomPv2,1.2464209344524786,0.4841944059049251,1437.8041059139562,10.0,10.0,0.9066947891456096,0.0,0.0,36.886062978139066,28.41117498682333,2.04293793679772,1.5763197175596029,0.1540640745506939,-0.1272227661233773,-0.1979274837957071,-0.7264139784876275,-0.5894500675950016,-0.2338195384742785,1252265986.2918704,13523,67.34089979258442
IMRPhenomPv2,1.596014477903662,-0.3335620119130004,3756.70829602623,10.0,10.0,0.4961502814101155,0.0,0.0,51.017821897695455,19.86615317076209,0.112383385040584,4.058772274754002,-0.1841475596162559,-0.0585905504814967,0.1580378375972774,-0.3874044871356172,0.1322455674036013,0.788407723026842,1252282925.7368896,13768,62.0334109971177
IMRPhenomPv2,3.069014147594187,0.1467192575389148,2539.5389655717054,10.0,10.0,2.110818225527675,0.0,0.0,45.058687035218696,21.43745366129152,2.9956699166443688,1.6489795636769662,0.3871350461114664,0.127049801216299,0.2081542218345696,0.1679030772037809,0.1585457519779522,-0.4365742229698984,1252304271.3037944,14077,66.12676634272458
IMRPhenomPv2,5.95611620356141,-0.5562849574015777,5522.931712094155,10.0,10.0,0.3947690977412609,0.0,0.0,46.90776439200374,32.408438266453274,0.1960967269033566,5.166511378573862,-0.5583395617408862,-0.8061569630308807,-0.1572756722774218,-0.1632153179428912,-0.1045321990457642,0.1099868197424922,1252305592.5615387,14096,55.438543590717735
IMRPhenomPv2,1.1976538700376769,-0.4899591933426718,1057.3333928300667,10.0,10.0,1.4923010514827442,0.0,0.0,41.977414640742886,32.39820882891011,0.2972821442051441,1.102291340320836,-0.0761984750227229,0.0752019823209184,0.043352426316948,0.0914309145805462,0.2589742122696355,0.1402849263602873,1252315136.3350763,14234,59.12118182545686
IMRPhenomPv2,3.339373862135555,-1.2246722516781228,2266.402588618937,10.0,10.0,2.433822428607498,0.0,0.0,43.22158285258482,34.37589268916569,1.1136125563889956,2.730356702745898,0.0774469531254484,0.0775705701264187,0.0555252155800815,-0.0284855052948204,0.089201804321496,0.034328822533347,1252321689.873185,14329,56.66646663221947
IMRPhenomPv2,6.155338836301917,-1.002981108624472,1955.1319339087968,10.0,10.0,2.271409756533844,0.0,0.0,37.95804651003495,36.462071724354985,1.762008930129826,4.241811006768501,-0.0145497475910392,-0.1392583805628394,0.1097597322138408,0.2322695581374871,-0.5749213095437999,0.7729610266758069,1252324312.0545695,14367,59.0858340842989
IMRPhenomPv2,5.575709688409905,-0.860860949337093,3380.6344639476174,10.0,10.0,1.0374700462483946,0.0,0.0,33.68873841019613,29.48549643684413,3.020235260335584,5.745192955779981,0.4138098874204239,0.1978764564473568,0.0289309159543599,-0.0403615334165614,0.0561416563122432,0.0173171563659879,1252326612.1334474,14400,69.60392585961142
IMRPhenomPv2,5.321035793668373,0.946384488811634,2795.20333132707,10.0,10.0,0.6944059668991877,0.0,0.0,40.35583059277896,34.69873410356712,2.5215071246035383,3.5973579806338294,0.3188434226617409,0.1411473929476103,0.1830889582758738,0.1768931595204875,-0.7296920099031526,-0.317232523317684,1252334822.9852211,14519,58.586373478029664
IMRPhenomPv2,5.934036183476157,-0.0378280721605921,2367.8803643288343,10.0,10.0,2.608176922842396,0.0,0.0,38.13284416086163,34.16846238411638,0.5632000248722673,1.6931549540177329,-0.0267792218363797,0.2275589081346216,-0.037041142687355,-0.7541808226298681,0.6292177246201196,-0.0544555848157046,1252340501.392374,14601,60.817362350092885
IMRPhenomPv2,4.07863900830409,-1.0785419861590844,1246.4717114673233,10.0,10.0,2.184696277939243,0.0,0.0,36.19951304497116,34.16044078416588,1.4920582215613818,0.2080499986676812,0.1075331443536714,-0.0973987232679491,0.542645085358484,-0.1597987627647071,0.2659643776814842,-0.1612958767827169,1252341326.249202,14613,62.49541847638535
IMRPhenomPv2,2.6792177497796623,1.025773278658109,2549.396650013104,10.0,10.0,0.9102069273164444,0.0,0.0,38.77066578689051,32.73157872252109,1.021502586403645,4.419177610798047,-0.6847411015886504,0.5987450793350695,-0.0477635893099414,0.4317643392913999,-0.1054772487843019,0.2094072518049035,1252341728.4977152,14619,61.49701717338796
IMRPhenomPv2,2.316301149773445,-1.2808283750419618,4042.440868265918,10.0,10.0,0.9437421317893402,0.0,0.0,36.07724881940229,32.61622011847632,0.6997181516570962,2.46697832983226,0.2301557750985852,-0.111458385359204,-0.1544665619044601,0.002656815551402,0.0015151100759111,0.0009436236118861,1252345039.101141,14667,64.01154034756283
IMRPhenomPv2,4.207718059991839,0.7741961554698829,6188.615225976879,10.0,10.0,0.8247274174519101,0.0,0.0,39.35815020553933,34.93928073979908,2.859161503517468,5.700660196011385,-0.6740305803162742,-0.0614412485046564,0.4601022470714812,0.2723386425875397,0.1363115551284135,0.868638415512146,1252346508.397263,14688,59.18340247546553
IMRPhenomPv2,6.020170723691913,0.1961816656383621,3945.531668459261,10.0,10.0,0.2244329160737333,0.0,0.0,41.80564371775571,28.45210903626227,2.144663679504371,0.6107549574642636,0.0366749495655086,-0.0238294888432494,-0.0428172382838943,-0.3029086937773814,0.0500778917237607,0.2451678907921194,1252346634.074206,14690,62.58632800178197
IMRPhenomPv2,4.7093612879134605,0.0384437042357009,2296.7534206194214,10.0,10.0,2.169619152406004,0.0,0.0,43.23987569803928,28.065937683743016,1.7622074480376233,3.752127613442302,0.5309834814500446,-0.6738575085621714,0.2502935960673987,0.0549016046761414,0.1473452357636218,0.1372497485565504,1252347331.584279,14700,61.66642732182187
IMRPhenomPv2,1.254182403719054,0.6284904601115633,1320.7758152515223,10.0,10.0,1.3633191351678604,0.0,0.0,42.29694087579031,36.6200936353174,2.7831849874908268,6.21108271667984,0.0594802245552491,0.0894304458407228,0.0220445989321696,0.042747998860869,-0.3237021109343242,0.4048771100013946,1252348507.2757282,14717,55.718955809371685
IMRPhenomPv2,4.483570019705356,-1.2331063271594649,1676.647923345961,10.0,10.0,2.5196555423869818,0.0,0.0,45.46334772113327,30.788642601915367,2.043895879685908,3.072466485902369,-0.0529357891696034,-0.0302882784896725,0.012946486588609,-0.1998890160064793,-0.4141332593507403,0.0172631015777501,1252365016.6405113,14956,57.66636044386556
IMRPhenomPv2,1.5082768289476918,0.7640841460853579,1695.4034649664718,10.0,10.0,0.9228094678173184,0.0,0.0,39.212895281582,25.31960332086861,0.264316969269563,4.032998517863339,-0.2943048777306291,-0.418181850487163,-0.4346098080680242,-0.0757641416578181,0.4464058696816658,0.1681324541186203,1252372344.7260585,15062,68.13891998231244
IMRPhenomPv2,6.209994074165419,1.0092582551372562,1584.9101743853507,10.0,10.0,1.04307763301074,0.0,0.0,50.63984914866742,16.9112842715981,0.973928994648701,1.3402570499113835,0.7817019787313846,-0.1685836784996873,0.1566239136628859,0.0005944900263805,0.2080217603741383,-0.193893611386832,1252373263.8613155,15075,65.09401894375775
IMRPhenomPv2,1.087284405063437,0.5905910068874138,2508.357633358152,10.0,10.0,1.4050079680519252,0.0,0.0,49.10253739300691,27.70897119794015,1.7282973359270704,1.417042135114021,0.3504049692318587,-0.2515368179900776,0.0284169638476209,-0.7533958428728892,0.4582712232849136,-0.3220993574767326,1252378632.194421,15153,57.246301227435055
IMRPhenomPv2,1.43607205100846,-0.3245521050804234,3574.0276244271868,10.0,10.0,1.0148449339580308,0.0,0.0,43.86223706487557,35.684225727093164,1.8985318471070496,3.646277881990938,0.5137047835043002,0.7694366628494083,0.233317581958002,-0.5426071676119163,0.6905692396697208,0.2847985800925167,1252380453.197376,15179,55.278067737978965
IMRPhenomPv2,4.382358028873646,0.1713779132913193,1933.3809052141048,10.0,10.0,2.495309409607352,0.0,0.0,40.84246615890951,38.176072657972114,1.0047809797131602,5.347589819201299,0.1972286964676579,0.3403772994292016,0.5689828166770621,-0.6052233557920476,-0.6898475710991602,-0.2961895350214366,1252380940.0532763,15186,55.64738129011888
IMRPhenomPv2,2.9160569391036177,0.3759769953417667,2291.024423479034,10.0,10.0,0.4985499403244404,0.0,0.0,37.48233802352279,35.28360663262804,0.3595011360390156,0.9858080565279344,0.111278705790389,0.532633510851719,-0.1798419479628983,0.1420645222763335,-0.0204566076043747,0.0338216507111396,1252387004.500086,15274,60.42902046155711
IMRPhenomPv2,1.3142828558399484,-0.3201361540916207,3085.391089865313,10.0,10.0,0.9277965720716036,0.0,0.0,45.08655785579914,22.5150362711014,0.489021552628693,4.786759601947833,0.0094129260406854,-0.0341300583835154,0.0227628281366824,0.2277945607795717,0.4787504144458454,-0.4245732001151009,1252388312.6947885,15293,65.04542999794901
IMRPhenomPv2,2.398023028788381,-0.5219747295182613,210.21355334690824,10.0,10.0,1.8219014258706565,0.0,0.0,50.3544100457836,19.62029105252564,1.3724193379412228,5.375358527275356,-0.0348611005341005,0.0423048006930632,0.0456123740510348,0.2572741266335929,-0.3637940436393805,-0.8198979059744695,1252391375.2380192,15337,62.83949326705044
IMRPhenomPv2,4.900808966223295,1.0534453168371594,2598.63694945671,10.0,10.0,1.0673714925104785,0.0,0.0,38.298166372899445,33.71529886520468,2.4390474755521683,0.8185558920435042,-0.1566084309694444,-0.1418677209468299,0.1016293160623221,-0.0121605961325401,0.1427434427910171,-0.0116178224667843,1252392872.5783942,15359,61.06045229169747
IMRPhenomPv2,3.774984739485282,0.31845110509729,1833.831688120873,10.0,10.0,2.3001178518347136,0.0,0.0,40.85383391881971,26.19554345952404,2.847860765308347,3.4610041798720728,-0.1025590730899974,-0.1779867796064143,-0.685673718592854,0.4956934179730023,0.0682966211030897,0.4238355016085625,1252394054.1067958,15376,65.58114229337069
IMRPhenomPv2,1.4348698117008367,-0.6299998350347402,3052.7373386106847,10.0,10.0,0.367097453121975,0.0,0.0,44.670386610339385,35.1756709891847,1.0118339436222334,3.3466418444276385,-0.6883454983838371,-0.0287825208215073,-0.1491809474540815,0.0406718911839017,-0.2801127541164034,-0.3617655034288926,1252401452.3539174,15483,55.070655843592704
IMRPhenomPv2,1.4406498397113794,-0.6977492331765027,3429.3345008166098,10.0,10.0,2.7591194130421264,0.0,0.0,36.0056917229027,33.40898770375976,0.0977203587185664,1.6648452135553458,-0.525299269770999,0.4729403795883121,0.363179119373413,0.0569054529304439,0.3698011786528564,0.8466749964265045,1252404437.4517815,15526,63.34646784873141
IMRPhenomPv2,2.477435463274176,0.9893984012542406,2669.542069027667,10.0,10.0,1.737412553886248,0.0,0.0,37.378404694830586,34.99607383185131,1.9387796210763204,4.128942826498562,0.2052386150849947,-0.1108052984037253,-0.264140265198477,-0.2165681252760516,-0.3986708460275733,-0.1732066115790671,1252409417.16355,15598,60.7558748338337
IMRPhenomPv2,0.9972583469584132,-0.6836571185637829,2010.42961741684,10.0,10.0,0.6170032532225043,0.0,0.0,42.352763455033305,32.66145259334794,2.423966704272403,4.771106548603405,-0.5425862157303151,0.5080763463673784,0.1203614063736168,0.0661742584462804,0.0450734990334533,-0.0477929208703803,1252409669.3633962,15602,58.61788591771811
IMRPhenomPv2,0.960679440280882,1.275626521950031,2540.2995302669574,10.0,10.0,0.8450401889615833,0.0,0.0,34.425405226745646,30.87925854207686,2.905771744232049,2.5698697743340366,-0.1457751109213525,-0.1037703429632408,0.0072715992129406,-0.6154699733518901,-0.6287959024721727,0.234046280742118,1252411891.041746,15634,67.33324244799729
IMRPhenomPv2,1.9545400994727764,-0.4132264325427009,1127.2710958723185,10.0,10.0,0.8604065361090111,0.0,0.0,63.118544986849656,15.990872523831523,1.8385185049460973,3.232680648861157,-0.4440275352775506,0.0502623786955587,-0.0099278519883589,-0.3608411644770938,0.0405135344495797,0.2408614704039146,1252429042.4960866,15882,55.58345512956626
IMRPhenomPv2,1.3737013517508514,-0.8424937324688264,1100.6048543987015,10.0,10.0,1.733583134532235,0.0,0.0,35.55645959862337,31.1640541579562,2.23596136057496,5.448043977863122,-0.1797652781840417,-0.181507587410984,0.261264473533191,-0.0450301318164017,0.0927766282978559,-0.0117598116156569,1252429999.885173,15896,65.90438998376939
IMRPhenomPv2,1.13753463718648,1.1350489795681338,1390.7785124221105,10.0,10.0,2.5359959572309583,0.0,0.0,35.188240324448536,30.38729885249852,2.308951841439177,0.3833020072755786,-0.1455545321108575,-0.6771271676913655,0.2881430729113965,0.083142658326005,0.0464517036072412,-0.4040377081148211,1252430196.052338,15899,67.05510642719791
IMRPhenomPv2,4.294467503896553,-0.1674066579242977,3593.864126419476,10.0,10.0,0.625366929551846,0.0,0.0,43.23142061216112,26.200147410000785,2.8649707232717594,2.1846910306725795,0.495011303886228,0.0658242067888736,0.2540553199399649,0.2612581480474992,-0.0125630315333639,0.371789423818807,1252437387.509802,16003,63.331059398334965
IMRPhenomPv2,4.794585441092648,1.0695228620202537,2200.046620348441,10.0,10.0,0.585661333912419,0.0,0.0,49.89458482830376,26.376972847046616,2.886999486083458,0.9812379721422227,0.6117849434563811,0.1629288274626733,0.16153838850919,-0.0031470404962029,-0.0228801713965957,0.0292102256370472,1252437593.5832975,16006,57.65156622666119
IMRPhenomPv2,1.165893884446783,-0.5545720917129358,5643.963044700226,10.0,10.0,0.3659954992401002,0.0,0.0,52.69591874331112,27.233340323967543,1.941359393371016,4.334080578181922,0.453410622951951,0.3117888563897028,0.2276252932500455,-0.0452908673821322,0.0510506824999277,-0.0863881880953428,1252464696.3674085,16398,55.01333066067643
IMRPhenomPv2,0.3865806406107563,-0.7965967547724515,4773.960532581761,10.0,10.0,0.2735221198745187,0.0,0.0,53.79834849471909,23.120104235176512,0.2450701689916728,5.500991811442932,0.568909177312249,0.4254298052770929,0.3983207786961323,-0.0834657907230139,-0.0811545753453316,0.0130035326780146,1252471614.5182517,16498,57.16670840964587
IMRPhenomPv2,3.337502242569528,0.5330398651206689,2585.7101960207056,10.0,10.0,2.794258974979832,0.0,0.0,41.90151006462892,29.085735031016853,0.7476070518081708,3.3550277098924,0.1367299210828069,0.0660744213936082,0.0143420396635105,-0.2863020024954201,-0.037698971865372,-0.4822358103187075,1252473832.9631317,16530,61.94316672814205
IMRPhenomPv2,2.7319918617011894,0.4443150410345517,1230.604651706744,10.0,10.0,0.8199765302975106,0.0,0.0,43.256489394637214,23.994449143162885,1.4228057042828943,0.1035840714337623,-0.4366427798159797,-0.0756922828251521,0.1555986467526846,0.1148808011208591,0.20899874920681,-0.5476466911396675,1252475956.5329876,16561,65.38458576395223
IMRPhenomPv2,3.094212074272463,-0.7836553172463592,2455.2891625343395,10.0,10.0,1.2356140513090057,0.0,0.0,43.80143627316904,34.25384747647745,2.7224515516506167,5.842388578440026,0.6910425546363982,-0.3440919222980402,0.4238401292884057,-0.0218686443596618,0.2345037955541804,-0.2103392136738604,1252476667.080686,16571,56.334107664440914
IMRPhenomPv2,6.0836300445840825,0.6013898640487444,1229.1997871126891,10.0,10.0,2.491144937658593,0.0,0.0,40.20068228630222,33.97876593287875,0.9879314575712582,0.1304236108905359,-0.3097237366926224,-0.2183809280797541,0.3239628518062613,0.5580522653699088,-0.4755007774286237,0.4382943165602817,1252477200.88545,16579,59.2775339274372
IMRPhenomPv2,4.226829672243007,0.7327398624497082,3516.491795339306,10.0,10.0,2.5754030888437094,0.0,0.0,37.88369246606745,30.518681769874902,1.3613846549105273,1.7762779225756564,-0.6104723131054897,-0.5794002129788288,-0.1981838770196148,-0.0823912698338269,-0.3977297722574192,0.0809746427445094,1252480034.425427,16620,64.2839493167849
IMRPhenomPv2,2.267587080839493,-0.9949598165760986,3788.621250094319,10.0,10.0,2.267958887483636,0.0,0.0,32.051573949090226,30.999954669306703,1.1427244722046288,0.6427724702512112,-0.635811779067565,-0.1344997564735633,0.0500520317493531,-0.0779492728792178,0.0142383735249502,0.0209053875549782,1252487443.981314,16727,69.73938387987124
IMRPhenomPv2,3.038984122332288,-0.9398186490465416,3776.669710404317,10.0,10.0,0.6648947395350934,0.0,0.0,51.78206654189077,18.45205243223652,1.868159381458356,0.4595709133012497,-0.0468901002684938,-0.0664985025046513,0.015994616764978,0.2763603041688449,-0.1813845708406674,0.314771060659452,1252508673.662926,17034,62.60738830013507
IMRPhenomPv2,0.7525703857568453,-0.0904904920707276,930.584124630171,10.0,10.0,1.0154651171036162,0.0,0.0,48.97307975437061,27.29576094570066,2.641065919056381,4.795205901337616,0.1918844322948853,0.009323830421296,-0.2921871035617325,0.0363796537374299,0.0911828578753115,-0.0738336673557225,1252520272.182062,17202,57.65361998647715
IMRPhenomPv2,0.8601340418782953,-0.2987624614820393,2364.737195501012,10.0,10.0,0.5102137861472708,0.0,0.0,38.89321364505786,37.61059368874746,0.338573278593579,3.392118790580196,0.3709220177948379,0.7245094456542409,0.0863146619229789,0.1057105523286281,-0.7266952452587979,-0.088279473579072,1252521235.7781727,17216,57.47654805394316
IMRPhenomPv2,5.803812416010834,-0.4317236243552247,1786.9691192737369,10.0,10.0,0.3844520582876306,0.0,0.0,41.06226594051944,34.25855993414035,0.9843939365440916,3.831720169367972,-0.0923003453649311,0.0060518089833244,0.0060543321498697,-0.0912123068454532,0.0665007505799159,0.0305227426817106,1252525738.1149828,17281,58.379269046363625
IMRPhenomPv2,3.6865849940219,-0.5034749022140533,1952.1878461172587,10.0,10.0,0.867031740751092,0.0,0.0,37.74015610618975,36.55020444365733,0.9200291188052148,4.967274796395457,-0.3789321099566573,-0.432496022531264,-0.136107110742946,0.1586326603419123,0.3105884854770507,0.3755851220157395,1252526974.2160068,17299,59.18903510477205
IMRPhenomPv2,1.368132642368877,0.0195144384505157,2559.472078618336,10.0,10.0,2.657303565420349,0.0,0.0,49.85906827840199,24.65447744071247,1.473619857635707,2.825930450159021,0.5181009327920011,0.049772804070266,-0.0969030614010856,-0.4632970196986808,-0.2630005048375976,-0.3413263606578285,1252531341.1563723,17362,59.01175036156001
IMRPhenomPv2,2.4248733792349872,-0.3939419226121829,3089.453955828905,10.0,10.0,2.71493493095226,0.0,0.0,37.149124710763104,26.776385677695085,2.686831267636926,1.612142154792015,-0.3473444129762791,0.1032936235464755,0.1690320475059161,-0.0247219730974698,0.0328294766551077,0.0231921453563833,1252532034.5293846,17372,68.78591554155169
IMRPhenomPv2_NRTidalv2,2.653865263507948,-0.8550434549354978,263.0132725564486,10.0,10.0,1.4719441870105283,0.0,12.836397318320754,62.4309076785824,2.0979092616918,2.243353399349733,4.671537404916938,0.0543808010124522,0.1734021624136621,-0.2112865744094307,0.1908304637620863,-0.0210356545995331,0.1065768734896465,1252539770.6320822,17484,68.14280761726897
IMRPhenomPv2,3.729009540525951,0.012061367603826,3185.2362652623337,10.0,10.0,2.6795158168304445,0.0,0.0,33.94540554934516,33.74565473869573,1.6767620154461076,4.776795966254432,-0.3612473584735049,0.1524599857837599,-0.9021284416438624,-0.226488210102141,-0.6996679106168233,-0.0644919876209972,1252549785.762504,17629,64.95946052285325
IMRPhenomPv2,3.699083490329124,0.1058101046958185,1394.932414722682,10.0,10.0,2.728919308248068,0.0,0.0,43.111673772882426,21.43803873322406,2.70248297706509,5.465699222233579,-0.2809577327770723,-0.2022940501813423,0.0366726177233201,-0.7220324906081453,0.1354693752981792,0.3647918035319822,1252569495.0956533,17914,68.12074892068794
IMRPhenomPv2,4.354500360009863,-0.8095748820666646,3453.7862092324813,10.0,10.0,2.4893692397315483,0.0,0.0,39.0202086792367,38.96739560763845,0.9257158568396708,3.2239932632701302,0.1112937145185383,0.3685649578999097,0.1876377100553147,0.2366330006423822,0.2166633666619878,-0.2516684099754765,1252574591.9590373,17988,56.38299571757828
IMRPhenomPv2,2.5205699836298074,-1.3477308642571468,1715.7248248107987,10.0,10.0,0.4277438913184703,0.0,0.0,59.68212036059947,17.860717702202223,2.302237092205821,0.0340592020202368,0.6594928684691215,0.4217468685929819,-0.2187573201884368,0.4069934101012942,-0.2054708686742596,0.0022916253259928,1252580615.0522604,18075,56.7063944057582
IMRPhenomPv2,1.191665271465037,0.6764848036536611,3455.620101618535,10.0,10.0,0.2792974134854997,0.0,0.0,37.28431223057302,32.573649795568585,1.2835442722304786,3.42020584009885,-0.5735129941631547,0.0755011116648196,-0.297800191864199,-0.3464266206847894,-0.166460524957672,-0.3667716525162445,1252581500.8315446,18088,62.94450383315792
IMRPhenomPv2,4.6753159684516605,0.3698809442371945,2006.706824069852,10.0,10.0,1.9514578461229528,0.0,0.0,45.57737596396147,33.960077181207495,1.9372821001867653,4.730973890357101,0.2042377076500348,0.06905165079256,-0.0344671216992916,0.0099931326653825,-0.0011998962878947,0.0129296394215843,1252587258.223415,18171,55.2843293901491
IMRPhenomPv2,4.9465466653130505,-0.1053233544470856,3415.138578392487,10.0,10.0,2.362445188846497,0.0,0.0,38.12519525875109,28.99788014810025,2.2323092903410786,1.369859292970791,-0.0491773608960758,0.4010949354596541,-0.5320915748462873,-0.204316624055147,-0.1559773217550412,0.0773898113664176,1252598038.5316513,18327,65.50913723601892
IMRPhenomPv2,4.086413656052234,0.7429517491247691,5850.080735076175,10.0,10.0,2.2893170858400387,0.0,0.0,45.02941071545824,30.43382808629885,1.60359426133713,3.9728457470666863,0.6701664403686763,0.6771127373273194,0.240240332352787,-0.0056021821611795,-0.0200765535609274,0.0138727250046069,1252599613.410621,18350,58.26909669332516
IMRPhenomPv2,0.4860289225826078,-0.7089412485393604,3139.2977887875386,10.0,10.0,0.2327318204599135,0.0,0.0,45.409321081307446,27.34979127988627,2.473187093610933,3.2044218836447595,-0.4017622852355661,-0.8112765934266143,0.1757076317404563,0.3225342583132713,-0.1562088722868994,0.3404164113419664,1252619190.553026,18633,60.43469492456751
IMRPhenomPv2,5.970987510401206,-0.2522303436358342,366.37318310908273,10.0,10.0,1.1795023632073292,0.0,0.0,38.45998670344308,34.49819143664092,0.4957859449772517,0.5147291546245106,0.0406336780491194,-0.5282177381900555,-0.1821272751501943,-0.2939193435648676,-0.3543922383647971,0.3804031103395539,1252623414.6605926,18694,60.26979936489418
IMRPhenomPv2,3.793466284249078,-1.237512364828144,2598.2259743145178,10.0,10.0,0.8992247205811621,0.0,0.0,42.33577241228414,32.64227276329415,1.400254923703524,0.7010809629158875,0.0106917099842764,0.0305551082490802,-0.059214674881552,0.153483786112748,0.1566698507526405,0.433097647045501,1252628390.467284,18766,58.64616433029265
IMRPhenomPv2,4.501463094248991,0.0799089196473892,2042.7518049689727,10.0,10.0,0.9895559282982612,0.0,0.0,43.77853762743376,32.28272451520363,0.5778917251049818,0.43188885657955,-0.1547002699306699,0.3796160372316225,0.6412260695886666,-0.3701975260602574,-0.1209759721684987,0.1365502592193486,1252630117.6573658,18791,57.81096230411042
IMRPhenomPv2,2.188863064899397,0.8852560452982514,2011.66387117096,10.0,10.0,0.5452722803872049,0.0,0.0,39.60327180273908,24.89394961141235,1.7135194330800192,1.6246704463189283,0.3261093691436476,-0.8083720032846999,0.0737212087585473,-0.4080426919035825,-0.0155838091661216,-0.1221430869371982,1252630797.297927,18801,68.17618902209453
IMRPhenomPv2,4.502984665099156,-0.5682576133160229,1226.8397124261603,10.0,10.0,2.2964354677564813,0.0,0.0,39.01507068290151,35.25818419279021,0.2505554955671551,2.449437965171549,0.1243430774586637,-0.3551654867009478,-0.2759798508545119,0.0303865718306949,-0.0017346760093831,0.3375536505359552,1252633559.520942,18841,59.2026667727226
IMRPhenomPv2,1.9022995533819629,0.6314112370172764,3797.449397054272,10.0,10.0,0.9549946276868642,0.0,0.0,42.86998565242419,21.72498612671866,1.0606258639329156,1.5289798754632715,0.0112388839753986,0.1721233708926877,0.4478662893123774,0.2717937474428487,0.0231313406803406,0.2032434233178168,1252635638.7006476,18871,68.07301926790035
IMRPhenomPv2,2.908559270872538,0.3294146868699021,440.7061903022458,10.0,10.0,2.231858406296739,0.0,0.0,34.394333565810385,32.59036358728927,1.174410741029638,2.534366975887348,0.0587085586102638,0.1174572245001537,0.064322825786029,0.1130884876382077,0.3807335214038566,-0.0574739464922587,1252656095.3735464,19167,65.64446725019783
IMRPhenomPv2,5.764829683562925,-0.5602915087282004,1638.9686592565954,10.0,10.0,1.0693360902859952,0.0,0.0,34.3520956228095,32.8927568396955,2.5223153364389725,2.4573592335342203,0.0515366324183116,0.1249519174831262,-0.1333267054709672,-0.0269817122956227,-0.0233705833790259,-0.0042284466999749,1252658434.739318,19201,65.39050347359877
IMRPhenomPv2,4.066161098400834,0.8572834720679597,2212.196440910158,10.0,10.0,1.740868455063,0.0,0.0,49.23048262570072,21.056889332594768,0.6696399013492671,3.762807177986148,-0.6811899535334738,-0.3751874909790357,-0.0628525766070867,0.300128127426167,-0.0644720064389904,-0.6061453674670418,1252671779.6445875,19394,62.55995402901255
IMRPhenomPv2,3.596043442393477,0.6329067479188012,1148.3654997106191,10.0,10.0,2.321373946250971,0.0,0.0,62.62341084919874,11.834429263645784,2.180318466588161,2.760150479207718,-0.5186073869243805,0.7876746341557898,0.1838793832867793,0.1856614555228975,0.2046904374292244,-0.0067259760160807,1252673034.8869288,19412,59.05589998134428
IMRPhenomPv2,1.6892099521220458,0.1683840154689957,1211.4301476548023,10.0,10.0,1.2246628928109404,0.0,0.0,61.67658709187072,15.475457743566691,1.364449691547449,4.232192195704203,0.0772389243137654,-0.0331472450565567,-0.0567762980770233,-0.1432436207979134,0.3938367126588371,-0.0922013616840095,1252673937.2310867,19425,56.99362561173965
IMRPhenomPv2_NRTidalv2,3.4956898320323377,-1.3198564347422683,331.962101138588,10.0,10.0,2.621357090696096,0.0,13.186118505242291,60.97453831108886,2.122638336814427,2.518111209899516,0.9814425863995324,0.1668818339453247,-0.7916285080652111,0.5744011472770607,0.0023836028960648,0.0058342377102737,0.0873992494492412,1252674536.3943024,19434,69.68893050584997
IMRPhenomPv2,3.6681358604861,0.7044538466803388,2548.4128750553373,10.0,10.0,1.560029358362801,0.0,0.0,40.05736507034555,38.25353409728002,0.4005194973859096,4.786956443565619,0.6465368243355801,-0.1976083843033195,0.1412500586474436,0.1784913238136437,-0.3904349064198187,0.7757493304040406,1252679941.3438027,19512,56.15022691948482
IMRPhenomPv2,1.5388974128076849,-0.2432977259546634,1555.1826614705922,10.0,10.0,1.0839087178011289,0.0,0.0,42.842559703751455,33.49092051868444,0.4706520586518448,5.883176284171976,0.0297733919817057,-0.3691522336804506,0.3259457892212917,-0.1685530185430448,-0.1976645494021173,0.5757028216550424,1252683049.5765548,19557,57.60479865083704
IMRPhenomPv2,5.58417195904254,-0.7355769018604391,2464.66998804482,10.0,10.0,2.054111551519418,0.0,0.0,55.79033157291689,20.627877776830587,2.201691623800938,1.3802927322883078,0.8733504305809632,-0.3035688967771536,0.299185932920814,0.0090091493222664,-0.0094592729807921,0.0094684404654554,1252683260.3383417,19560,57.54092900039409
IMRPhenomPv2,5.670900044524409,0.3565427730604964,1040.9640979835517,10.0,10.0,1.057300314260376,0.0,0.0,47.39389962148889,24.10199261282144,1.611596451472256,4.063993608993728,0.4381092375267665,-0.0188447963157188,0.219239287840883,0.4450139341679494,0.5663518252455938,-0.4873946411811682,1252688869.039474,19641,61.50248106730949
IMRPhenomPv2,2.980973998473207,-0.3349030145012853,3395.7520283267545,10.0,10.0,0.8865855677207218,0.0,0.0,34.34282749358373,32.755978389262864,2.349411802738856,2.833471466465828,-0.3694832257465265,-0.1260998128427879,-0.1662364683196615,0.0603040095335659,-0.3346130121818843,-0.5523439683302372,1252709998.5179822,19947,65.53283177957691
IMRPhenomPv2,2.5277363598040505,-0.5859279316412683,2389.6751190376062,10.0,10.0,0.8993344722145571,0.0,0.0,40.31531881811273,38.19298277785359,2.8962373779974104,2.2859353596507663,0.2523480436540433,-0.1186750846048849,-0.5783104553508268,0.4554332568704422,-0.3403900665532446,-0.5359970802148288,1252710422.6863086,19953,56.009041962983865
IMRPhenomPv2,1.4268953864293568,0.2940278973940869,342.7203198057792,10.0,10.0,1.808039640338163,0.0,0.0,41.53831985889632,32.37658653332464,0.7102940297148345,5.753212823302129,0.4575652804651229,0.4505884622753111,-0.4350646228797151,-0.0005297323192795,2.6953840096509056e-05,-0.0039037273503128,1252712135.8986652,19978,59.48968852369194
IMRPhenomPv2,1.704817496915428,-0.1066018323272233,3735.553012869264,10.0,10.0,1.0926119765387066,0.0,0.0,41.50616770090179,36.53341237843844,2.305480166711567,3.457120958427262,-0.4837701471599613,-0.7607190876771189,-0.3301577468359354,-0.1204979015166999,-0.0730921701000716,-0.0570943242244363,1252716166.2719212,20036,56.34544360772585
IMRPhenomPv2_NRTidalv2,0.2500891423350751,0.2835459101705314,412.8046620499089,10.0,10.0,2.242051735837123,0.0,15.42260770481496,61.45049281642165,2.1337556940973683,2.917506280719764,0.0783271414643207,-0.2854782668438291,0.5342521860691792,0.053518077923327,0.0705904780604599,-0.0034582335236698,0.2481903989666039,1252716707.223847,20044,69.15509519316922
IMRPhenomPv2,0.8681611902522023,0.3843849302757083,1973.815052000729,10.0,10.0,1.4167864259496856,0.0,0.0,42.80474302804749,20.520685085801865,0.5291961233162997,0.4360202810828292,0.4011082384211603,0.438470683947517,0.3116071537719136,-0.1499603454530138,-0.2890047457177656,0.2943719781138234,1252717042.766457,20049,69.43774230196483
IMRPhenomPv2,5.190665182255831,-0.4810679792025655,1599.1877394653109,10.0,10.0,1.6685996168377613,0.0,0.0,35.785683290020216,35.19413079377591,2.83015954788282,5.994717344443052,-0.4647350978645325,-0.7257695086396788,-0.2396865577414653,0.719056511973945,0.5718403069482391,0.3520508101259917,1252717970.128432,20062,61.94965167617839
IMRPhenomPv2,5.56150289039976,0.5225161287882178,3595.5412982385587,10.0,10.0,2.977103235596517,0.0,0.0,48.66466976886706,20.50437849803176,1.6292339132590687,0.8139318961798885,-0.4498792367726874,-0.5554469003035615,-0.1635766895291007,0.0019499171670624,-0.017515500106747,-0.0059232469949964,1252721539.615521,20114,63.571422026278775
IMRPhenomPv2,6.1136908604701885,0.0255261241391367,1827.006369498744,10.0,10.0,1.0370783068632423,0.0,0.0,34.4321955879206,29.17510167242278,2.521890326899777,3.36122310389385,-0.4921072745970523,0.3897803317367675,0.5947282195376642,0.0503719112180521,0.0055825139508168,-0.0367441997859242,1252726518.83271,20186,69.13003614244955
IMRPhenomPv2,5.667246460840547,1.0010685635148753,3472.731509559183,10.0,10.0,0.5709020878137164,0.0,0.0,33.767101868346394,32.33424279753076,2.327142898498136,0.6539556609426687,-0.0239054821696952,-0.2805222129531726,-0.3108947048160151,0.2195384074179182,0.4353543158944503,0.220176052879573,1252726732.4061365,20189,66.52171420653386
IMRPhenomPv2,2.740582545136664,-0.7000085100838069,3325.08011754667,10.0,10.0,3.03451597937972,0.0,0.0,31.995783033073177,31.63938829363998,1.3188503696480784,6.056150785630032,0.5919765748330371,0.3785005498399539,0.2715772417631317,-0.1090743437213714,-0.0975052192032792,-0.0139360326338403,1252730537.6149583,20244,69.0997551645657
IMRPhenomPv2,3.728881451941328,-0.7741356069603961,2647.248563207038,10.0,10.0,1.0989281770078607,0.0,0.0,36.875437031013256,31.886677342069813,2.562525452701359,0.5072625941442399,0.1390905632207969,0.1315884114015366,0.0655028231442107,0.4264722355539879,0.0260553516798609,0.1157712301494265,1252750015.819055,20526,63.94763742536029
IMRPhenomPv2,5.447688610920915,0.2423848824912987,1747.1223248045478,10.0,10.0,2.6552365787918406,0.0,0.0,40.065641698310216,37.38761242143973,1.7544706126226743,1.1520678005648173,-0.3825508194857756,0.3410966291187333,-0.1410596015884031,-0.0563288187563838,-0.6415172531672887,-0.0766203883716983,1252755903.7550087,20611,56.77198212656926
IMRPhenomPv2,2.005531863150483,0.3154189876790901,2101.1825079306486,10.0,10.0,0.1771464326243148,0.0,0.0,41.63955043528114,28.30889512609572,0.8616990472060152,0.3920950490699784,-0.0799560652805604,0.0520411325838054,0.5613512426227386,-0.0037669097968304,0.0186701258005548,-0.0512490973381073,1252758813.207746,20653,62.86308041931729
IMRPhenomPv2,3.7017191876660855,-0.4910861520295682,3396.553791011972,10.0,10.0,0.7941816561541419,0.0,0.0,37.10850269568737,25.9058481106022,2.451282120439771,0.9292263843225168,-0.614928979517616,-0.2414618982561686,0.1879177210510142,-0.280184242029745,0.882251243629379,-0.1954147426459268,1252760455.3539,20677,69.780529391603
IMRPhenomPv2,0.3413446367670465,0.4081901756703409,3739.305703382825,10.0,10.0,0.7575085338969507,0.0,0.0,48.4251731833822,30.497761186075323,2.033906926344308,5.728280423277072,0.1041910063991657,-0.0046023721065935,0.1133074765486609,-0.3321119407743546,0.5833683379078012,-0.6683021668530764,1252790112.7509196,21106,55.71479055690989
IMRPhenomPv2,6.063130867439261,0.3284705437988534,4007.418295513101,10.0,10.0,2.449367620328528,0.0,0.0,40.12046598263256,38.65902510476253,1.0643819483803882,6.127152000459655,0.0431304781509999,-0.0146743823550363,0.2112036988241404,-0.0543392852496739,-0.0962444953110599,-0.088975584564002,1252796611.325952,21200,55.81623716828796
IMRPhenomPv2,4.0404509547773175,0.7174209286802072,588.8723227120926,10.0,10.0,1.784342858739718,0.0,0.0,42.48240188713048,36.69572322818828,2.692427540402781,2.8093969237184546,-0.0260311501290697,0.0453269720481134,-0.0709685135648043,0.6132993526549013,0.0041535826402811,0.2344393660069675,1252810712.8588803,21404,55.53522203420224
IMRPhenomPv2,5.003652700653039,0.5325205632644309,2869.54469589149,10.0,10.0,0.9000730862903913,0.0,0.0,39.92462803656467,34.014288301676515,2.2039112424301983,3.1407491917498693,0.3849835474499511,0.1323547874102925,-0.1813741994605119,0.031053507760189,0.2420938760882616,-0.2259951519184116,1252824534.4162288,21604,59.47037062885453
IMRPhenomPv2,3.8542890141174864,0.499027969175306,1932.0167219572,10.0,10.0,2.643518719193918,0.0,0.0,39.22213735785106,27.875615977192943,0.4787275806499049,2.6423682745309307,-0.5052843880041243,-0.0005197028229479,-0.5271427366227743,0.248927249945803,0.1905783357852114,-0.0737811430709614,1252833719.151687,21737,65.53385977879682
IMRPhenomPv2,6.10308882080128,-0.1212220193367271,3416.6795379767327,10.0,10.0,0.4182393943651304,0.0,0.0,53.83437046712197,21.74233115135069,2.244451301821934,5.774327757786195,0.1072856561434917,0.2000924130331349,0.142160748593821,0.0415810011616442,-0.2909415058571285,0.6912291442110473,1252836507.2303743,21777,58.18161767271808
IMRPhenomPv2,3.970815978014347,1.0281118740604418,4196.287311321725,10.0,10.0,2.685836127024813,0.0,0.0,45.87463166246622,19.283825405815094,2.574639128255165,3.928284942268086,-0.0238326803195917,0.2469348547404949,-0.5360784450380756,-0.1860198902606271,0.9736389258584938,0.0497224278211526,1252850726.0581627,21983,67.4843290706401
IMRPhenomPv2_NRTidalv2,4.94713507833513,1.3494166901721472,296.84415670794573,10.0,10.0,2.374627463145764,0.0,85.45110777542901,62.320452146828494,1.7742385369949691,0.1615258676296764,3.6444481131611246,0.0032525748291152,-0.0009459547994961,-0.0090453710579924,-0.0358179757163632,0.249007517159781,0.2420165696252107,1252851510.6622567,21994,68.60435258549195
IMRPhenomPv2,3.747070760720933,-0.4670956453974372,2079.7342968877488,10.0,10.0,1.206674534336023,0.0,0.0,50.12318032596286,29.49885212712571,0.8463701106949701,0.9812442404814152,0.2224928475366712,0.4526762514389841,-0.1464699012021077,-0.2217773466050897,0.0926092856763848,-0.0038359430244982,1252852821.0581956,22013,55.22560305304669
IMRPhenomPv2,2.5751138718186803,0.7242158676478017,2621.7876058324964,10.0,10.0,0.2612299789982512,0.0,0.0,52.88439068897327,19.225803967273613,1.661929469643222,3.860064728772583,-0.0405414880969636,-0.0241179078535553,-0.3316375179784855,0.2517123186441625,0.1115095669980351,0.3638039082174915,1252855360.3744695,22050,60.97854512101425
IMRPhenomPv2,5.636828458535777,0.0765956517089453,1768.9494183685688,10.0,10.0,1.228819955123769,0.0,0.0,39.70366023815672,31.483348997220904,1.140482917170561,4.945567198101324,0.5112164064026715,-0.4374000052080216,0.4953691671362271,-0.0125339759847114,-0.0039439988014077,0.0026580882523812,1252858416.3750124,22094,61.76934254945238
IMRPhenomPv2,2.753162491909523,-0.2776593489335123,2003.46650920461,10.0,10.0,2.158212598295317,0.0,0.0,37.82739447610552,30.11141161251152,1.350100224249989,2.148558863521915,-0.01660210215372,-0.0215282870863917,0.0425186183872009,0.3929409713324132,-0.1238206851429231,0.0462885180516264,1252869871.717228,22260,64.72257921040807
IMRPhenomPv2,5.914934836245172,-0.4716231047053176,831.1685618722779,10.0,10.0,2.2110357131370124,0.0,0.0,36.56407259588863,30.60312640621929,0.2837324666138613,3.1341203122024384,0.6935175189181209,0.0686528017163484,-0.1915636825944701,0.0432571416133633,0.0006031172870166,0.0116692439827098,1252898923.469139,22680,65.46610285763254
IMRPhenomPv2,4.585887381121744,-0.8171111257258806,772.0856184300402,10.0,10.0,1.3690903059232922,0.0,0.0,40.358170486970494,24.391067107591745,0.1750016864248318,3.776695025584585,-0.3037355292294423,-0.4970452929396529,-0.0399033136998848,0.1068430073589821,0.2323514268840893,-0.1764293119719536,1252907698.7844374,22807,67.91083450379274
IMRPhenomPv2,5.611617781707442,-0.7440077550005082,2240.2280801552265,10.0,10.0,2.4814739201585767,0.0,0.0,39.07335942795129,23.80139692942279,2.998573568517935,4.513636917759181,-0.0359368670187041,-0.1583414438791276,0.0020545484603848,-0.0547012096346555,0.3323434265679731,0.1188773384520755,1252910716.8311114,22851,69.93545602845681
IMRPhenomPv2,4.762618894846057,-0.146365991052188,5263.006767219278,10.0,10.0,2.711071963831177,0.0,0.0,39.19029324117015,38.84972316315705,2.914071497159711,2.6830952680984685,0.0429601760655664,-0.4128455818352659,-0.4414505818400459,0.7657973926862806,0.101820988348299,-0.4014628482608625,1252911064.1943574,22856,56.34512857800033
IMRPhenomPv2,0.5349231178137679,-0.0934018157601434,2684.6639409633417,10.0,10.0,0.9027486609345436,0.0,0.0,42.468777345955615,28.601046697920083,0.133994983149454,5.879485225147051,0.512000265338844,-0.6551426901414281,0.3952145886873213,-0.2636777475279774,0.1103373486791682,-0.0505589672177954,1252919660.1729095,22980,61.871192417986414
IMRPhenomPv2,2.6883237728500906,-0.1748386328999701,2462.329667151563,10.0,10.0,2.4152289312424684,0.0,0.0,42.15212297056316,21.91904463852173,0.8965731812955537,2.447693661555353,0.0475845546402652,-0.093078206442919,0.0724960755851019,-0.0062385846459529,-0.0352876841554283,0.0812993304068623,1252930441.0433898,23136,68.62953997279081
IMRPhenomPv2,5.043093273843294,-0.0628692968434692,2111.9353848785568,10.0,10.0,2.5466944280900248,0.0,0.0,51.00468529338098,16.167654928072995,1.2798694882564348,2.8372758746058064,-0.1234128842347963,-0.0631833717723806,0.0441558423719408,0.3666255409845231,-0.10610003697394,-0.3878777666373653,1252939754.8089528,23271,65.46109222984418
IMRPhenomPv2,3.2829680499867435,-0.5901999074275949,1435.1261938302328,10.0,10.0,1.9851669180849951,0.0,0.0,32.593423384429286,32.491354935912995,2.758760004870394,3.0653298602592054,0.0066459510359429,-0.0128949324276645,0.0138754094591087,-0.1517183854024007,0.5955320051372878,0.3320361415955737,1252940301.0038311,23279,67.56072421248044
IMRPhenomPv2,3.203110778926228,0.2827766740595834,6548.616271839196,10.0,10.0,2.720748491141277,0.0,0.0,39.55011089279625,38.02068181004266,1.3046576531367318,4.870705795559038,0.0084899234356232,0.4721563720114139,-0.0574875103131276,-0.2155462399781383,0.665885124053128,-0.08007137414642,1252952278.5998113,23452,56.685958790906426
IMRPhenomPv2,5.902488115128548,0.4381589084087358,3164.053345743994,10.0,10.0,1.4008305798185454,0.0,0.0,42.46744556595106,34.58505534545424,1.2978851952263817,5.090594521776391,0.1257622844433887,0.0006164095313304,-0.8023242354507221,-0.3637254786378959,0.0601166181072539,-0.1599289442537584,1252955179.554633,23494,57.06725552733099
IMRPhenomPv2,3.098377319948611,0.8866621102012155,4089.2271412543664,10.0,10.0,2.3655475587936463,0.0,0.0,32.66781421553246,30.74422880261216,0.7140060253727128,0.3463026337671493,-0.158935404698067,0.0520961894693769,-0.0622175423205004,-0.0546873008072469,0.1598895936222612,0.143063517438413,1252956766.6009543,23517,69.34289685750812
IMRPhenomPv2,3.5827503144560664,0.1006482614721301,1504.598247395567,10.0,10.0,1.951419143711469,0.0,0.0,46.083641835005565,19.77614989940341,2.004003833255873,3.1910328583329,-0.0288094266242856,-0.3920321558497065,-0.1484770036196524,0.3428204656351294,-0.0292721689405184,0.1475310494293283,1252958693.8812845,23545,66.76569486073446
IMRPhenomPv2,2.183893033136832,0.1445520099580023,1865.720418870799,10.0,10.0,0.4763152940506735,0.0,0.0,45.062246672401336,26.29783030819086,0.1590927973765873,5.344701883472524,0.3507424824057803,0.0168214415674295,-0.5675350408612123,0.1553037607541847,0.1616849809933997,0.9404042426974354,1252958784.0653195,23546,61.61953496388423
IMRPhenomPv2,4.162773666921569,-0.1265161845434539,2879.2032772408475,10.0,10.0,0.1507374867186639,0.0,0.0,36.42464130039906,31.48356620953717,2.915990418979626,5.910151932190154,-0.231911949873853,0.4031237397664067,0.3283696948275371,0.5354691686967042,0.1249976663762953,0.3114918569962195,1252965601.2998335,23645,64.75174238530273
IMRPhenomPv2,3.1535161951617385,-0.1445557854687527,4939.310613776479,10.0,10.0,0.1283958546664764,0.0,0.0,39.907811306877534,32.823324343461884,1.681811868796483,5.818255927734546,-0.2466042973028269,0.4338237792724721,-0.1791038557075543,0.1473508692723196,0.3995135404980265,-0.2122352988413288,1252967071.800176,23666,60.4579416946111
IMRPhenomPv2,6.244775413135456,1.039173703347528,3547.27803408171,10.0,10.0,2.0096367330334046,0.0,0.0,37.86516524869967,37.51777810000919,0.0785408277894173,6.075583839694493,-0.2800901223804444,0.0233452531855541,0.5260942950525965,-0.006151625786734,-0.0037628137322515,-0.0146986279724744,1252975165.0896733,23783,58.33116303499158
IMRPhenomPv2,5.524963872360044,0.2469163102664212,454.6195608099712,10.0,10.0,0.6429988936577851,0.0,0.0,39.34512033625348,34.89982681553673,1.775827386095879,2.1572002791644618,0.2234811640698565,0.6430405616000809,-0.2627123686363596,0.2386084268043686,0.0321322959380863,-0.3018059975075819,1252980693.6931622,23863,59.22523925488504
IMRPhenomPv2_NRTidalv2,5.760392022975176,-0.0797028287287914,249.29676934576824,10.0,10.0,2.1779669460714186,0.0,7.74752716329208,62.41209411044659,2.1425505536015272,0.5173654099560092,0.4760034035737742,0.0545291088139283,0.0358383627267207,0.2121167265035363,0.0171055517785234,0.0175175223331426,0.0635476145259607,1252984553.7893174,23919,68.11554430226695
IMRPhenomPv2,6.137189107414124,-0.3074076900072308,6046.751362049284,10.0,10.0,0.5381972964566863,0.0,0.0,36.73784769303863,36.578766378323365,0.3107515255311656,4.377703669086132,-0.1743957940322413,0.1474673038747286,-0.008451712664459,-0.4262178345819561,0.1970714717397168,0.1474429030379465,1252992570.6893857,24035,59.97514771005553
IMRPhenomPv2,3.991672336220247,-0.2136360742429541,862.2240225550856,10.0,10.0,2.610343099460706,0.0,0.0,45.59684068121158,32.73355206294912,0.1367278067448941,1.9722156016407115,0.2918793391201075,0.5414517453056056,-0.2541691362879316,0.3177879978312187,0.2692994986662099,-0.325931212864348,1252999422.217208,24134,56.136253176885376
IMRPhenomPv2,2.570260375633066,-0.3833852095067225,1715.1603502332468,10.0,10.0,1.9381327696762272,0.0,0.0,39.21648174689158,38.17875633107551,1.4740107017695707,2.492265296186289,0.2550162975539732,-0.011797260914078,-0.3402208015226207,0.1589888237370941,0.0214362568698955,0.3894646014834269,1253004035.9257047,24201,56.81453882345328
IMRPhenomPv2,0.4367733289943208,0.9230226276901426,2182.203174790596,10.0,10.0,0.6169845797265735,0.0,0.0,36.74208225292271,33.80751401216352,0.1745417026567517,1.893384923653938,0.5411686309250309,0.6968518420212645,0.1105392269525892,-0.4669184365087135,-0.0665221142447519,0.0525873916496174,1253016270.04871,24378,62.32742625498421
IMRPhenomPv2,0.2186816695741303,0.501459932562596,967.7082053452408,10.0,10.0,2.6687578246941697,0.0,0.0,60.5210395581339,13.413592315530536,0.7368365270474839,0.5407618014605262,-0.0594047886767445,0.0405600702898922,0.5957079624695951,-0.5110672749457736,0.5480113191017317,-0.0661978098636627,1253017946.0095117,24402,59.4738168987536
IMRPhenomPv2,1.2656723377206485,0.4526663601705535,2521.133924488416,10.0,10.0,2.432457057461288,0.0,0.0,34.54059397008547,29.607062715979414,2.082241268273725,6.001154566968572,-0.1389541051350413,-0.043748216245621,-0.1108116894398405,0.3372521555156813,0.2220020171678716,-0.0949298485389009,1253020368.9798894,24437,68.5477067393218
IMRPhenomPv2,4.07283908603985,-0.5993702907119486,2408.715012837609,10.0,10.0,1.3413219691147524,0.0,0.0,40.96682811895519,37.09934191643042,2.1189909693115387,6.01959129937881,0.0491052359414231,-0.2684741936295572,0.5867406922415519,-0.3819430241129802,0.1411396319039313,-0.5443507937206634,1253020707.9955795,24442,56.32625190319869
IMRPhenomPv2,3.536433124082999,0.1463385135594009,3944.981426404722,10.0,10.0,1.0425894541462004,0.0,0.0,41.56656351729696,33.94083052078076,0.7743851650853917,4.030137140411798,-0.4841966994545983,0.3037707301956114,-0.7390331419340934,-0.0040676845647234,-0.059740546896545,0.0023624386208657,1253023463.0846603,24482,58.2350220736477
IMRPhenomPv2,2.188446598063928,-0.2529501749417664,3943.87983143198,10.0,10.0,0.4057177214322263,0.0,0.0,36.142557944311136,28.01468764642182,2.156552122796099,3.967550009626089,-0.2389524022311931,-0.4969072117055194,0.0804256418632829,0.2220067093066771,-0.3083597551963256,0.6144628051888068,1253024297.2162695,24494,68.53746163888013
IMRPhenomPv2,2.162769550412676,-0.0894965671791488,1148.2118153487525,10.0,10.0,0.996229929999954,0.0,0.0,35.47905160674608,34.802419858553385,2.1623814675020974,0.7982780356416008,-0.1972062404963602,-0.3282842872404443,-0.207151570157675,-0.3420588458045903,-0.7084877337580793,-0.2268055430055666,1253055605.304663,24947,62.565206260687326
IMRPhenomPv2,5.458007308301709,0.2768319081748751,1428.6400151952482,10.0,10.0,2.287595067967488,0.0,0.0,37.57937137653715,35.41471074855763,3.0382760371130164,3.1323607969655565,0.0305910210501294,-0.0018051587598506,-0.0089468174504306,0.0057666715230585,-0.0133993891114792,0.010432770562451,1253056079.1180952,24954,60.24015414010333
IMRPhenomPv2,0.4684900414898505,-0.6623256175797507,2915.5168494149207,10.0,10.0,2.7527215295604863,0.0,0.0,41.14956267219526,37.20845535339261,2.1849759749940474,0.372082235334388,0.1640473450720729,0.1584785820552047,0.1085401464314504,-0.0799312968571556,-0.3415868733913242,0.0807704997356719,1253057890.1248226,24980,56.1164622246465
IMRPhenomPv2,1.943065891793814,-0.8450712847897243,1935.2245068356824,10.0,10.0,2.3047717878735097,0.0,0.0,37.9951842783664,25.499844172658985,0.9254060721134788,1.3515342560611017,-0.3952550277454758,-0.0680642718134161,0.0014721568973812,-0.0106914610991616,0.0036996039354385,0.0122070457596629,1253058100.4458883,24983,69.25226849725209
